{
"type": "FeatureCollection",
"name": "Glasgow_Boundary",
"crs": { "type": "name", "properties": { "name": "urn:ogc:def:crs:OGC:1.3:CRS84" } },
"features": [
{ "type": "Feature", "properties": { "OBJECTID_12": 1, "OBJECTID_1": 0, "OBJECTID": 0, "AREA": 0, "PERIMETER": 0, "COMMENT_": "City as of 1 April  2019 OS Boundary Line (LGBC Scotland)", "PERIMTR_KM": 108.89, "NAME": "Glasgow City", "Shape__Area": 176355471.65361023, "Shape__Length": 108645.25930798665 }, "geometry": { "type": "Polygon", "coordinates": [ [ [ -4.12503439142648, 55.885759251305203 ], [ -4.12501911811801, 55.885759901461697 ], [ -4.1250173949068, 55.885754705240402 ], [ -4.12501630716858, 55.885751422176099 ], [ -4.12501345314528, 55.885742827701002 ], [ -4.12501146812423, 55.885736849632401 ], [ -4.12500907867975, 55.885729645522098 ], [ -4.12500518093403, 55.885711524811398 ], [ -4.1250017677869, 55.885695657776303 ], [ -4.12493868447056, 55.885700286964003 ], [ -4.12491959615038, 55.885628672432603 ], [ -4.12491448515558, 55.885609505003998 ], [ -4.12486776341391, 55.885610019585002 ], [ -4.12463859891828, 55.885612545159397 ], [ -4.1245653194572, 55.885613352730402 ], [ -4.12453627676739, 55.8856136725393 ], [ -4.12442778783422, 55.885614868536102 ], [ -4.12434980552537, 55.885615731093999 ], [ -4.12431899391865, 55.885616072397397 ], [ -4.12431639482906, 55.885578203560499 ], [ -4.12431437047403, 55.885548714221102 ], [ -4.12431161459969, 55.885508561782601 ], [ -4.1243057939513, 55.885508673034302 ], [ -4.12422334124228, 55.885510240870502 ], [ -4.12416352438669, 55.885511379329998 ], [ -4.12399892284786, 55.885514516701598 ], [ -4.12397581582175, 55.885514955921501 ], [ -4.12389776061692, 55.885516441357098 ], [ -4.12389935531051, 55.885524321548203 ], [ -4.12389993263241, 55.8855271613808 ], [ -4.12378657906193, 55.885529221739297 ], [ -4.12378335228555, 55.885529280117403 ], [ -4.12369169134841, 55.885530943585998 ], [ -4.12368171548944, 55.885534138070597 ], [ -4.12366963997286, 55.885538002372002 ], [ -4.12360955022981, 55.885557237112103 ], [ -4.12356994050077, 55.8855637441753 ], [ -4.12352899002603, 55.885570471175598 ], [ -4.12352433713073, 55.885571235372097 ], [ -4.12341694511702, 55.885589345859998 ], [ -4.12339271697974, 55.885598093972298 ], [ -4.12322512557894, 55.885658612107299 ], [ -4.12322098613795, 55.885660111562302 ], [ -4.12317305388989, 55.885677046857602 ], [ -4.12301454129687, 55.885696033477899 ], [ -4.12281849770469, 55.885719515500803 ], [ -4.12275614191677, 55.885688198081603 ], [ -4.12263263937071, 55.885663007526801 ], [ -4.12260477018452, 55.885657323059903 ], [ -4.12259625820126, 55.885655586176 ], [ -4.12256224271586, 55.885648647061899 ], [ -4.12239771004131, 55.885642076876202 ], [ -4.12237723668252, 55.885641260720199 ], [ -4.12237203024793, 55.885641053931003 ], [ -4.12236149205977, 55.885642620563303 ], [ -4.1221992415826, 55.885666746475799 ], [ -4.12206009756261, 55.885687437044503 ], [ -4.12205230175985, 55.885688595984497 ], [ -4.12204195866464, 55.885690134061598 ], [ -4.12180257918333, 55.8857257257757 ], [ -4.121768104485, 55.885731784243397 ], [ -4.12176130679708, 55.885732978981203 ], [ -4.12172969211943, 55.885738528893697 ], [ -4.12171418642915, 55.885741249667198 ], [ -4.12168352433303, 55.885746499155097 ], [ -4.12165335224867, 55.885750912480603 ], [ -4.12145943841301, 55.885746289053401 ], [ -4.12134200213754, 55.885743490824801 ], [ -4.12130928724121, 55.885742712038898 ], [ -4.12119033759469, 55.885743269452099 ], [ -4.12109811368889, 55.885743710357502 ], [ -4.1210524682419, 55.885745783962399 ], [ -4.12092511663961, 55.885751571688701 ], [ -4.12091002583228, 55.8857516699793 ], [ -4.12085068162948, 55.885752071625603 ], [ -4.12063807597924, 55.885752378463003 ], [ -4.12052026762352, 55.885752547992603 ], [ -4.12051964596832, 55.885745813923798 ], [ -4.12043360227324, 55.885747047451602 ], [ -4.12039336617757, 55.8857476256347 ], [ -4.12026176102411, 55.885749512781999 ], [ -4.1202615133627, 55.8857495161499 ], [ -4.11999708672174, 55.885753300188398 ], [ -4.11991609651406, 55.885754457988703 ], [ -4.11989454981462, 55.885756595076799 ], [ -4.11972693305284, 55.885773220578301 ], [ -4.11972115181981, 55.885769247219898 ], [ -4.11969639891827, 55.885753408783103 ], [ -4.11968005997445, 55.885744665394398 ], [ -4.11966903956511, 55.8857393569211 ], [ -4.11965745690056, 55.8857342351752 ], [ -4.11964366844679, 55.885728864730602 ], [ -4.11963206196908, 55.885724830825097 ], [ -4.11962155787307, 55.885721336927197 ], [ -4.11961138083178, 55.885717917380497 ], [ -4.11953790903079, 55.885693651407898 ], [ -4.1195168342618, 55.885687523903499 ], [ -4.11943307806932, 55.885663174356999 ], [ -4.11933800444745, 55.885639414172601 ], [ -4.11930323653911, 55.885633209678602 ], [ -4.11927712011495, 55.885629338422497 ], [ -4.11927543071329, 55.885629088016103 ], [ -4.1192484687642, 55.885625516202801 ], [ -4.11922170591194, 55.8856220766598 ], [ -4.11915988690166, 55.885614711262598 ], [ -4.11912052521289, 55.885612144685503 ], [ -4.11909673987962, 55.885611142360503 ], [ -4.11905599151526, 55.885610182257302 ], [ -4.11900624799356, 55.885609852428203 ], [ -4.11893859381271, 55.885610748521501 ], [ -4.11886791544879, 55.885611577114901 ], [ -4.11883826117416, 55.885614317331097 ], [ -4.11882236054049, 55.885616307600301 ], [ -4.11880746395562, 55.8856184423488 ], [ -4.11879276734073, 55.885620725533997 ], [ -4.11878211820508, 55.8856225472028 ], [ -4.11875409494666, 55.885627341617997 ], [ -4.11872916655856, 55.885633207027603 ], [ -4.11871059575902, 55.885638954898397 ], [ -4.11870066683999, 55.885642460915598 ], [ -4.11869159536574, 55.885645915324297 ], [ -4.11868236390788, 55.8856496322121 ], [ -4.11866734897615, 55.885656372144602 ], [ -4.11865668536585, 55.885661712479298 ], [ -4.11864686674471, 55.885666978053898 ], [ -4.1186376848021, 55.8856721607713 ], [ -4.11862835266898, 55.885677550978002 ], [ -4.11860784815022, 55.885690359089899 ], [ -4.11859258707821, 55.885700768166501 ], [ -4.11857794000376, 55.885711059725899 ], [ -4.11855111689957, 55.885730744737302 ], [ -4.11854468248221, 55.885735466748599 ], [ -4.11852865601967, 55.885749142301599 ], [ -4.11851611380415, 55.8857610584271 ], [ -4.11849857632663, 55.885780484732003 ], [ -4.11848088179352, 55.885799670188803 ], [ -4.11846933033428, 55.8858145089171 ], [ -4.11846170208364, 55.885825901885099 ], [ -4.11845182244727, 55.885843866286798 ], [ -4.11844974095727, 55.885850885047503 ], [ -4.11844881138367, 55.885855539261001 ], [ -4.11844822564704, 55.885859754380498 ], [ -4.11844784616986, 55.885863617252603 ], [ -4.11844750722479, 55.885867666357399 ], [ -4.1184472348727, 55.885879713683103 ], [ -4.11844783979489, 55.8858881421042 ], [ -4.11833161123571, 55.885967410556098 ], [ -4.11826880848067, 55.886010242588902 ], [ -4.11796686569244, 55.886216165498297 ], [ -4.1176033536424, 55.886464075110503 ], [ -4.11757304892313, 55.886485294592902 ], [ -4.11754799141779, 55.886482786971001 ], [ -4.11752862876958, 55.8864808499956 ], [ -4.11688285746117, 55.886416232714502 ], [ -4.11567346576509, 55.886348082482897 ], [ -4.1145417877042, 55.886327011816597 ], [ -4.11423065252928, 55.886368385298603 ], [ -4.11387890102598, 55.886426537006898 ], [ -4.11286275840097, 55.886736070721099 ], [ -4.10729200037111, 55.887449890076603 ], [ -4.10719070185249, 55.8874102069774 ], [ -4.1071162325867, 55.887245269145197 ], [ -4.10613659630432, 55.8844832439596 ], [ -4.10379192771469, 55.8849142596872 ], [ -4.10324728170546, 55.8850135027226 ], [ -4.1031680609115, 55.885028333484897 ], [ -4.10287149365834, 55.8851025813698 ], [ -4.10069910949532, 55.885144177272998 ], [ -4.09892338727464, 55.885185264291103 ], [ -4.09757028020297, 55.885208340508001 ], [ -4.09716105945197, 55.885418453390301 ], [ -4.09676367069773, 55.885224784715703 ], [ -4.09668521963939, 55.885192879788001 ], [ -4.09666411845278, 55.885187849002399 ], [ -4.09661593209095, 55.885184177571603 ], [ -4.0964004608865, 55.885190544411998 ], [ -4.09598708168618, 55.885203876448998 ], [ -4.09494467122888, 55.885236005900303 ], [ -4.095049246043, 55.884478368336403 ], [ -4.09502437411152, 55.884430276685102 ], [ -4.09488109212218, 55.884146923196099 ], [ -4.09296185093334, 55.882354414050198 ], [ -4.0925066901963, 55.882543640423798 ], [ -4.08933080069999, 55.881520126516399 ], [ -4.08834074930385, 55.8816932642981 ], [ -4.08811379504808, 55.8817824680619 ], [ -4.08722053516821, 55.882209288666402 ], [ -4.08704954337174, 55.882240938691403 ], [ -4.0819220719863, 55.884151282024703 ], [ -4.08082211292834, 55.882450654157303 ], [ -4.08070700511897, 55.8822729148538 ], [ -4.0807035555732, 55.8822675828714 ], [ -4.08069135193446, 55.882248922236201 ], [ -4.08017632737243, 55.881438892829301 ], [ -4.07972360852912, 55.881492367683798 ], [ -4.07880684005356, 55.881599504751797 ], [ -4.07842067632647, 55.880538424856397 ], [ -4.07946095089968, 55.878346908912 ], [ -4.07954703311511, 55.878191821833603 ], [ -4.07969566987494, 55.877922384722602 ], [ -4.080122593389, 55.877178181287803 ], [ -4.07940212142398, 55.874437746596897 ], [ -4.07933303456805, 55.874190856519 ], [ -4.0793052670465, 55.874090611247901 ], [ -4.07929110569797, 55.8738258126644 ], [ -4.07930100564979, 55.873591961795803 ], [ -4.07942475051766, 55.870705980902002 ], [ -4.07953317342004, 55.869953684135702 ], [ -4.07982151459088, 55.868650208551003 ], [ -4.07982152122642, 55.868440873076501 ], [ -4.07976102302574, 55.8682657125822 ], [ -4.07954041809933, 55.867937830038997 ], [ -4.07932963372975, 55.8677023195334 ], [ -4.07897224132185, 55.867443231833498 ], [ -4.07862308884929, 55.867190293775401 ], [ -4.07838348814187, 55.866985006344002 ], [ -4.07806321681271, 55.8666435317962 ], [ -4.07754563886099, 55.865928753611499 ], [ -4.07744023367594, 55.8659314326272 ], [ -4.07721477838952, 55.865001480473502 ], [ -4.07715427350495, 55.8642880547944 ], [ -4.0771241772261, 55.8641735616728 ], [ -4.0771683611603, 55.864162033771102 ], [ -4.07713280211277, 55.864034066002702 ], [ -4.07703034264834, 55.863852511836498 ], [ -4.07672871827197, 55.8635313770517 ], [ -4.07624625780274, 55.863115272560698 ], [ -4.07498492630386, 55.862416716469902 ], [ -4.0747397754101, 55.862313935548102 ], [ -4.07435144270601, 55.8621946112251 ], [ -4.07405995693763, 55.8621519079447 ], [ -4.07348866754939, 55.862107631330602 ], [ -4.07271999567653, 55.861746738878701 ], [ -4.07271010050435, 55.8617415151381 ], [ -4.07261010424499, 55.861694683052299 ], [ -4.07170515706163, 55.861265911112802 ], [ -4.07347974844241, 55.860682386369099 ], [ -4.07355353617275, 55.860657783413401 ], [ -4.07359977611633, 55.860625558159597 ], [ -4.07359680874648, 55.860540254993403 ], [ -4.07370028589265, 55.860531322910703 ], [ -4.07374964751426, 55.860560140184198 ], [ -4.07483467244056, 55.860200343055702 ], [ -4.07570440283124, 55.859939406548101 ], [ -4.07678160189915, 55.859584217663098 ], [ -4.0768005806973, 55.859579405538902 ], [ -4.07717217882682, 55.859476997214202 ], [ -4.07789585292257, 55.8593532793222 ], [ -4.07853220858407, 55.859210457518202 ], [ -4.07862684836235, 55.859189092383602 ], [ -4.07919147629893, 55.859079823614003 ], [ -4.08014571110301, 55.858934226431401 ], [ -4.08026620378126, 55.858886368541 ], [ -4.08041787250015, 55.858795755822896 ], [ -4.08060503166205, 55.858770129459401 ], [ -4.0807120923567, 55.858769217571002 ], [ -4.08103068123448, 55.858841095379503 ], [ -4.08252011255577, 55.858726048262497 ], [ -4.08298250547485, 55.858705642210197 ], [ -4.08460183127413, 55.858688996119 ], [ -4.08595079907206, 55.858696673806797 ], [ -4.08598516315435, 55.858652067101403 ], [ -4.08598682642531, 55.858651141088401 ], [ -4.08637832211726, 55.8581465785362 ], [ -4.0867691834862, 55.857539593547799 ], [ -4.08780875108064, 55.855681354723998 ], [ -4.08801721322347, 55.855309354994901 ], [ -4.08804431866701, 55.855188501005401 ], [ -4.08825996981305, 55.854771365413697 ], [ -4.08835557824365, 55.854498406018301 ], [ -4.08842381414885, 55.854191678908599 ], [ -4.08840008197733, 55.853928741492197 ], [ -4.08839224548178, 55.853841633656501 ], [ -4.08823819127425, 55.853501843429598 ], [ -4.08780731122546, 55.853035575741302 ], [ -4.08760891761074, 55.852880722458899 ], [ -4.08723149239292, 55.8526346575077 ], [ -4.08689951797948, 55.852462303828403 ], [ -4.08605279386435, 55.852076757306001 ], [ -4.0841899251273, 55.851269792678799 ], [ -4.08343848938457, 55.850901481033702 ], [ -4.08344322665779, 55.850901400807501 ], [ -4.08359453034527, 55.850890751640101 ], [ -4.08359448230562, 55.850889854627603 ], [ -4.08351737583921, 55.850763487652202 ], [ -4.08265722944247, 55.849348236661797 ], [ -4.08268727204526, 55.849252491121 ], [ -4.08297384904864, 55.848995980808397 ], [ -4.08309375378937, 55.8488492087494 ], [ -4.08151070962282, 55.848551570269798 ], [ -4.08081791379399, 55.848381800655297 ], [ -4.08019648845924, 55.848201746953201 ], [ -4.0793681573464, 55.847918270813103 ], [ -4.07898797171907, 55.8477665671087 ], [ -4.07819071273551, 55.847406098857498 ], [ -4.07789300647159, 55.847244912733203 ], [ -4.07768237004451, 55.847130772622201 ], [ -4.07721518111595, 55.846846572927703 ], [ -4.0766711643854, 55.846470139028 ], [ -4.07621368780243, 55.846098620455699 ], [ -4.07577118149049, 55.845679230048802 ], [ -4.07535702969339, 55.845223332015998 ], [ -4.0751109123443, 55.844890471578601 ], [ -4.07470410776474, 55.844119986743301 ], [ -4.07544018671739, 55.843996970305 ], [ -4.07638513828186, 55.843864224831997 ], [ -4.07656710986786, 55.843861153307401 ], [ -4.07684995696834, 55.843895012567799 ], [ -4.07691907388476, 55.843931581000398 ], [ -4.07703878673928, 55.844050042655901 ], [ -4.07732603700736, 55.844494511935501 ], [ -4.07741294451467, 55.8445658197274 ], [ -4.07775919914423, 55.844738855321502 ], [ -4.07820059514075, 55.844959698673001 ], [ -4.07837459960121, 55.845016955100498 ], [ -4.07852273909424, 55.845038711325003 ], [ -4.07942273582987, 55.844722428423601 ], [ -4.07979778244585, 55.844687337597698 ], [ -4.08005958414446, 55.844625409605001 ], [ -4.08082489322192, 55.844241313445501 ], [ -4.08143354515551, 55.843912783119499 ], [ -4.08168863245761, 55.843814128613303 ], [ -4.08176755173824, 55.843797518560201 ], [ -4.08193748564532, 55.843837769509101 ], [ -4.0821246129788, 55.843933522463402 ], [ -4.08252389239306, 55.844319480758003 ], [ -4.08270293187965, 55.844411686815697 ], [ -4.08289606133804, 55.844439863134902 ], [ -4.08384504823493, 55.844441760830598 ], [ -4.0840947980696, 55.844513989302001 ], [ -4.08425003727331, 55.844609291578301 ], [ -4.08434810143576, 55.844709155466198 ], [ -4.08438646217866, 55.844798352042702 ], [ -4.08441681231701, 55.845067465468503 ], [ -4.08446330526919, 55.845131456319002 ], [ -4.08461893412533, 55.845233939473502 ], [ -4.08473055830099, 55.845259900058799 ], [ -4.08485053793064, 55.845262358592699 ], [ -4.08500264175518, 55.845240015292198 ], [ -4.08522804861325, 55.845182287066798 ], [ -4.08559640406678, 55.845022316377801 ], [ -4.08609975544059, 55.844877215588603 ], [ -4.08632421934215, 55.844833877215599 ], [ -4.08658736720737, 55.844826718921297 ], [ -4.08685405321974, 55.844853641404697 ], [ -4.08722184888556, 55.844862675468299 ], [ -4.08764478586936, 55.8448267481511 ], [ -4.08844766557681, 55.844636033959397 ], [ -4.08906292946351, 55.844434215533198 ], [ -4.08955841938158, 55.844319692479999 ], [ -4.08987444745866, 55.844228072515499 ], [ -4.09009008171969, 55.844138156547899 ], [ -4.09028853349521, 55.844025082828203 ], [ -4.09077645643825, 55.843654621827 ], [ -4.0912107162561, 55.843381206874902 ], [ -4.09154811053548, 55.843211951270703 ], [ -4.0918346702163, 55.843133405700598 ], [ -4.09213183769794, 55.843134641532799 ], [ -4.09236168944882, 55.843191827166699 ], [ -4.09257803538983, 55.843294165387199 ], [ -4.09268956864919, 55.8434090681436 ], [ -4.09295708255583, 55.843542071257303 ], [ -4.09377668435449, 55.843753728637601 ], [ -4.09403228228612, 55.843782620803999 ], [ -4.09419834401682, 55.843782489266303 ], [ -4.09451948124157, 55.8437249117408 ], [ -4.0946446122558, 55.843644525415399 ], [ -4.09469460260514, 55.843535858713402 ], [ -4.09459999443285, 55.843351398270798 ], [ -4.09460977836485, 55.843325176073002 ], [ -4.09462366903424, 55.843287205118997 ], [ -4.09468505355919, 55.843238541393497 ], [ -4.09524039639963, 55.843081736820302 ], [ -4.09572516469613, 55.8429790512088 ], [ -4.09689402883847, 55.8424379365307 ], [ -4.09715940475692, 55.842355157049496 ], [ -4.09732175754962, 55.842342506067297 ], [ -4.09772878561176, 55.842368808779803 ], [ -4.09850298601664, 55.842449134242898 ], [ -4.0995550228751, 55.842645916197903 ], [ -4.10001135690117, 55.8426975153372 ], [ -4.10042340272608, 55.842726419625997 ], [ -4.10095066620337, 55.842728197086302 ], [ -4.10112086501084, 55.8427145092732 ], [ -4.10174038920878, 55.842593325852903 ], [ -4.10197510538626, 55.842562361263099 ], [ -4.10216874241019, 55.842509637448202 ], [ -4.10231803469229, 55.842464859098698 ], [ -4.10264463142925, 55.842330797600098 ], [ -4.1027914689762, 55.842211397874202 ], [ -4.10309302842934, 55.842028347156798 ], [ -4.10318954371049, 55.841923284397403 ], [ -4.10358261307056, 55.8411284398506 ], [ -4.10381127392701, 55.8407785373184 ], [ -4.10449721420819, 55.840230249641102 ], [ -4.10458006579461, 55.840138088882497 ], [ -4.10466213731938, 55.840089965487202 ], [ -4.10517662993056, 55.839887905945801 ], [ -4.10538602403237, 55.839773812886598 ], [ -4.1056336134192, 55.839567333710001 ], [ -4.10570851726449, 55.839474410375303 ], [ -4.10580152492127, 55.839246318815803 ], [ -4.10579467683844, 55.839178154028801 ], [ -4.10576543879985, 55.839139122166998 ], [ -4.10562797656311, 55.839078493697102 ], [ -4.10552797576498, 55.839060439155503 ], [ -4.10457472860254, 55.839006672536698 ], [ -4.10303711749956, 55.839102149130397 ], [ -4.1028054748498, 55.839070170566202 ], [ -4.10270849370364, 55.838990968018201 ], [ -4.10264912401522, 55.838747514702298 ], [ -4.10270880646669, 55.838492143374403 ], [ -4.10263459106373, 55.838302940821102 ], [ -4.10263956000188, 55.838068269950703 ], [ -4.10269827449363, 55.837972929062303 ], [ -4.10294388043006, 55.837849146882199 ], [ -4.10323394936437, 55.837748952678503 ], [ -4.10341104889133, 55.837717174055697 ], [ -4.10363599344983, 55.837710632325901 ], [ -4.10426574514292, 55.837809472375604 ], [ -4.10555505428029, 55.8381441853345 ], [ -4.10585432641787, 55.838184973946198 ], [ -4.10609343314934, 55.838177286593798 ], [ -4.10623907781663, 55.8381531404127 ], [ -4.10798167795852, 55.837595810943299 ], [ -4.10809824739313, 55.837538108701402 ], [ -4.10817415751173, 55.837463944120302 ], [ -4.10822033745668, 55.837314908045897 ], [ -4.10819065900324, 55.837209399638198 ], [ -4.1081148498524, 55.837105489726497 ], [ -4.10802892302412, 55.837053055024299 ], [ -4.10765013512877, 55.836958919007799 ], [ -4.1075438633614, 55.836914919130997 ], [ -4.10747667841571, 55.8368243381152 ], [ -4.10738222839605, 55.836760369379299 ], [ -4.1073476721327, 55.836710648086203 ], [ -4.10724969289793, 55.836642247068298 ], [ -4.10694677255522, 55.836356248064597 ], [ -4.10667197630057, 55.836030234318599 ], [ -4.1066292461425, 55.835919468757801 ], [ -4.10664228472905, 55.835688343041099 ], [ -4.10685018977069, 55.835072757456402 ], [ -4.10689772743912, 55.834890366396003 ], [ -4.10703179947398, 55.834652585856503 ], [ -4.10739091361997, 55.834264502661398 ], [ -4.10753105644477, 55.834080614619602 ], [ -4.10767396211461, 55.8338310014271 ], [ -4.10787605800569, 55.833580374663299 ], [ -4.10795324436933, 55.833532332582102 ], [ -4.10810363480311, 55.833479441961501 ], [ -4.10851083057009, 55.833388817210398 ], [ -4.10883966188778, 55.833239427169701 ], [ -4.10907347733948, 55.833076302972501 ], [ -4.10919159316476, 55.832957478857303 ], [ -4.10940658108547, 55.832799259356101 ], [ -4.1096243116053, 55.832572619584603 ], [ -4.10971625465707, 55.832267275587 ], [ -4.10974475131586, 55.831937863969699 ], [ -4.10985694904981, 55.8317390891035 ], [ -4.10981446722303, 55.8316913009781 ], [ -4.10949085295785, 55.831319411568501 ], [ -4.11017586235627, 55.830994012686297 ], [ -4.11051729846605, 55.830812867051598 ], [ -4.11082617459781, 55.830618892033399 ], [ -4.11125340837302, 55.830281738051198 ], [ -4.11150107466273, 55.830049190499203 ], [ -4.11175548800104, 55.829734767434203 ], [ -4.11193448269564, 55.829444997994997 ], [ -4.1119609508833, 55.829401418085503 ], [ -4.11205406607246, 55.829147264021799 ], [ -4.11212835415935, 55.828427047088901 ], [ -4.11204450437353, 55.828058234812801 ], [ -4.11194884132351, 55.827913340121697 ], [ -4.11181741230409, 55.827786219378297 ], [ -4.11123333558176, 55.827349535260304 ], [ -4.11060796175052, 55.826828294665098 ], [ -4.11043859539465, 55.826591223756303 ], [ -4.1104151210322, 55.826481116722498 ], [ -4.11042792036797, 55.826333461143399 ], [ -4.11049969067841, 55.826185782312699 ], [ -4.11064267898445, 55.826026009703803 ], [ -4.11075776236463, 55.825968331068502 ], [ -4.11092708015189, 55.825910619386299 ], [ -4.11115145611575, 55.825868135659199 ], [ -4.11145899073458, 55.825856567693798 ], [ -4.11204769094128, 55.825878804235799 ], [ -4.11249079000897, 55.825925102317001 ], [ -4.1127313088545, 55.825973979876501 ], [ -4.1127734024407, 55.825983139959902 ], [ -4.11302106311813, 55.826047167851499 ], [ -4.11305350903022, 55.826055595763897 ], [ -4.11355340629471, 55.826233974534397 ], [ -4.11391795486191, 55.826450615976903 ], [ -4.11443049212629, 55.826687084057198 ], [ -4.11479774106424, 55.8268344956142 ], [ -4.11551789302353, 55.827071073266097 ], [ -4.1163246493764, 55.827404087286403 ], [ -4.11676218904347, 55.8276383319999 ], [ -4.11714295508598, 55.827770140536799 ], [ -4.11767444310451, 55.828032414271597 ], [ -4.11831517748567, 55.828274832562101 ], [ -4.11851249982776, 55.828381044202601 ], [ -4.11860767832715, 55.828458468347598 ], [ -4.11897631183211, 55.828659748920401 ], [ -4.11951480835041, 55.8289003274351 ], [ -4.12014506424427, 55.829099700155901 ], [ -4.12117983537057, 55.829365855863301 ], [ -4.12174459507586, 55.829532299180201 ], [ -4.12223387345268, 55.829748558749799 ], [ -4.12270331684362, 55.829984835247302 ], [ -4.12330843041522, 55.830335746454701 ], [ -4.12354918614291, 55.830504092241398 ], [ -4.12435461749999, 55.830926020730303 ], [ -4.12465998602759, 55.831050212503698 ], [ -4.12521488544431, 55.831211330507003 ], [ -4.12563177173135, 55.831359647172199 ], [ -4.12663413678063, 55.831761086921198 ], [ -4.12693768716896, 55.831909562750198 ], [ -4.12729635346848, 55.832134261400199 ], [ -4.12738565161715, 55.832190307924897 ], [ -4.12746812107202, 55.832355095471897 ], [ -4.12784254609265, 55.832542773422503 ], [ -4.12875262430201, 55.832892784715597 ], [ -4.12931765577765, 55.833091533642502 ], [ -4.12971812416873, 55.833201398400199 ], [ -4.1301083621674, 55.833271008653 ], [ -4.13059743269203, 55.833279606480403 ], [ -4.1309807943385, 55.833223549086803 ], [ -4.131798309877, 55.832988269291597 ], [ -4.13300588312986, 55.832704081718397 ], [ -4.13329370768548, 55.832622630803698 ], [ -4.133797266456, 55.832458460504498 ], [ -4.13425224886129, 55.832282463750801 ], [ -4.13503716981769, 55.831947998276299 ], [ -4.13647777461943, 55.831283093787199 ], [ -4.13686111789519, 55.831140764941303 ], [ -4.1375389512263, 55.830950100089801 ], [ -4.13899468381314, 55.830708256082602 ], [ -4.13974679756612, 55.830535154202998 ], [ -4.14062232599415, 55.830310483055797 ], [ -4.14098520857714, 55.830174787225701 ], [ -4.14150504757723, 55.830015690675502 ], [ -4.14209885492306, 55.829750992487298 ], [ -4.14259256457223, 55.829495223556897 ], [ -4.14317946732588, 55.829222554392501 ], [ -4.14433586690581, 55.828736898181504 ], [ -4.1449774637054, 55.828499204112298 ], [ -4.14536832929654, 55.828377381583103 ], [ -4.14615834375069, 55.828198186338902 ], [ -4.14651802735827, 55.828146086079201 ], [ -4.14689749437671, 55.828137664065501 ], [ -4.14782350832383, 55.8281951646035 ], [ -4.14882277672599, 55.828306184728604 ], [ -4.14959843678633, 55.828298915258699 ], [ -4.15048270793732, 55.828265482936601 ], [ -4.15084707793985, 55.828241140270599 ], [ -4.1511383185107, 55.828196512048102 ], [ -4.15145649296436, 55.8281747726937 ], [ -4.15217235355265, 55.828155058449497 ], [ -4.15477827966576, 55.8280141832632 ], [ -4.15543544639392, 55.827916413305502 ], [ -4.15669083017954, 55.827866548118202 ], [ -4.15671318735797, 55.8278661559903 ], [ -4.15685806823716, 55.827829383305797 ], [ -4.15702961270474, 55.827812897846599 ], [ -4.15717429918461, 55.827772624073603 ], [ -4.15776603446761, 55.827734388535603 ], [ -4.15848682211267, 55.827658846309099 ], [ -4.15996314275178, 55.827360596476296 ], [ -4.16076202610234, 55.827169563414003 ], [ -4.16111049990578, 55.827032172668297 ], [ -4.16170380147323, 55.826849238224902 ], [ -4.16219364148993, 55.826728227786397 ], [ -4.16266275087394, 55.826549269857999 ], [ -4.16358855008256, 55.826257063437097 ], [ -4.16429460173186, 55.8260046579936 ], [ -4.16453653720413, 55.825876410454804 ], [ -4.1645767661612, 55.825854139190703 ], [ -4.16457982298107, 55.825852288829402 ], [ -4.16465288398923, 55.825816771152901 ], [ -4.16482324982666, 55.825750879139498 ], [ -4.16720047201446, 55.824973877441998 ], [ -4.16825806350289, 55.824584074267001 ], [ -4.16859002165989, 55.824411014364699 ], [ -4.16928734542217, 55.823943997812002 ], [ -4.16953876521326, 55.823816381295003 ], [ -4.17123022789397, 55.823256336879197 ], [ -4.17205714122228, 55.823025110795797 ], [ -4.17233220561643, 55.8229771250775 ], [ -4.17250722682429, 55.822966844769702 ], [ -4.17334120830852, 55.823034766187497 ], [ -4.17391007387096, 55.8231307292697 ], [ -4.17432051972546, 55.823246652452198 ], [ -4.17457981725755, 55.823345390999897 ], [ -4.17535846492454, 55.8238223629128 ], [ -4.17560972707544, 55.824062301346899 ], [ -4.17584142481264, 55.824324238532398 ], [ -4.17614943002912, 55.824863441316303 ], [ -4.17625670444585, 55.825299185502999 ], [ -4.17642529727427, 55.825800421223498 ], [ -4.17699742650216, 55.826955064193001 ], [ -4.17715276963736, 55.8273908545833 ], [ -4.17744788711434, 55.828099190392898 ], [ -4.17790430359081, 55.828810148727896 ], [ -4.17818649908414, 55.829058606676298 ], [ -4.17828089979899, 55.829176430235201 ], [ -4.17831306156651, 55.829266605362903 ], [ -4.17853844476289, 55.8296149005755 ], [ -4.17863918475784, 55.829902511400903 ], [ -4.17868603987499, 55.829968167734997 ], [ -4.17884163625834, 55.830182030458701 ], [ -4.17890723698479, 55.830410964218899 ], [ -4.17897045846252, 55.830743264404902 ], [ -4.1790031757981, 55.831897571413002 ], [ -4.17897762795566, 55.832584631720003 ], [ -4.17899382320707, 55.833043549425398 ], [ -4.1790916758703, 55.833651152422497 ], [ -4.17921063561111, 55.834235918549702 ], [ -4.17937145219874, 55.834712127890597 ], [ -4.17949282358295, 55.834883378672998 ], [ -4.17977532095001, 55.835166867155301 ], [ -4.18016496747935, 55.835452048134698 ], [ -4.18048989904814, 55.835608997071901 ], [ -4.18091836284082, 55.835759526161397 ], [ -4.18187877048242, 55.835940237714802 ], [ -4.18242418248127, 55.836069819384299 ], [ -4.18341250787041, 55.836264398465602 ], [ -4.18365557872029, 55.836299614480701 ], [ -4.1854272119513, 55.836678822401602 ], [ -4.18615131897202, 55.836803502979002 ], [ -4.18666871360963, 55.836804184962602 ], [ -4.18699781454805, 55.836776768209099 ], [ -4.1872808223068, 55.836725822519703 ], [ -4.18775673643807, 55.836583483255801 ], [ -4.18836186353142, 55.836355196609098 ], [ -4.18900939576303, 55.836026421867203 ], [ -4.18941221167774, 55.835862915823 ], [ -4.1899301940315, 55.835588554423701 ], [ -4.19052390265759, 55.835326317815301 ], [ -4.19073419769143, 55.835204871587202 ], [ -4.19088036729076, 55.835076392997898 ], [ -4.19106786051532, 55.834748616301198 ], [ -4.19114885135437, 55.834369728289701 ], [ -4.19108527552843, 55.834063497243903 ], [ -4.19109603004526, 55.833887206711097 ], [ -4.19088182210733, 55.8332016337949 ], [ -4.19095491378792, 55.832881285886899 ], [ -4.19104150414382, 55.8326605174626 ], [ -4.19112538174572, 55.8325061939832 ], [ -4.19120937650977, 55.832438210353303 ], [ -4.19221669539055, 55.832063471786299 ], [ -4.19233255607152, 55.832023670142398 ], [ -4.19305970442879, 55.831777908262303 ], [ -4.19340945969415, 55.831692603367202 ], [ -4.19364125277823, 55.831670498456099 ], [ -4.19387942764465, 55.831675232795703 ], [ -4.19409944173165, 55.831696463307303 ], [ -4.19428229416568, 55.831738122329703 ], [ -4.19544078348236, 55.8321775434123 ], [ -4.19620174537408, 55.832503751200697 ], [ -4.19688401327313, 55.832767389558398 ], [ -4.19717008413198, 55.8329115117591 ], [ -4.19794115617881, 55.833220367978903 ], [ -4.19831673511161, 55.833394243618798 ], [ -4.19868898228157, 55.833567369764701 ], [ -4.19882925542899, 55.833647519138701 ], [ -4.19903615836243, 55.833804733689902 ], [ -4.19923192041031, 55.833990808362501 ], [ -4.19936970150063, 55.834169024478399 ], [ -4.19942137888001, 55.8343496796304 ], [ -4.19943276890432, 55.8346073354856 ], [ -4.19929525900761, 55.8350565126253 ], [ -4.19928991409616, 55.835132079342102 ], [ -4.19932680675317, 55.835249117825498 ], [ -4.19931515408487, 55.835324887255503 ], [ -4.19913963274773, 55.835609337002701 ], [ -4.19892296496069, 55.835818062728201 ], [ -4.19856179488294, 55.836123800064598 ], [ -4.19797309369468, 55.836474035972401 ], [ -4.19756472865222, 55.836653032317599 ], [ -4.19732232749519, 55.836713968188299 ], [ -4.19662587586525, 55.836968190353701 ], [ -4.19577197745924, 55.837344716299 ], [ -4.19544192565611, 55.837553753823997 ], [ -4.19521905486781, 55.837793130919898 ], [ -4.19500504464912, 55.8383299203334 ], [ -4.1950244065647, 55.838589320238398 ], [ -4.1950546841424, 55.838673235162901 ], [ -4.19526683028135, 55.8390073601281 ], [ -4.19554234842205, 55.839276561008099 ], [ -4.19666112222002, 55.839999787448299 ], [ -4.19692864614896, 55.840155023873798 ], [ -4.19736413283121, 55.840371947077799 ], [ -4.19738567978419, 55.840385039212201 ], [ -4.19860977968734, 55.841160273207201 ], [ -4.20009150934711, 55.842140317421602 ], [ -4.20103215834122, 55.842817366122297 ], [ -4.20238482149101, 55.8437439894101 ], [ -4.20300722154916, 55.844130051183598 ], [ -4.20363858103696, 55.844334458763498 ], [ -4.20386330305096, 55.844381643898402 ], [ -4.2039844736656, 55.844407324311398 ], [ -4.20411390509229, 55.844434653970197 ], [ -4.20433466268352, 55.8444118287753 ], [ -4.20467384289844, 55.8444219192696 ], [ -4.20526662096099, 55.8443681631083 ], [ -4.20553405207619, 55.844239288818798 ], [ -4.20560650745154, 55.844165213305502 ], [ -4.20599996224629, 55.8436944572654 ], [ -4.20615406598861, 55.843455305857297 ], [ -4.2063310402282, 55.843252580684698 ], [ -4.20642706482553, 55.843085540237198 ], [ -4.20647631581546, 55.8428833101826 ], [ -4.20648180448433, 55.842671084360198 ], [ -4.20644880604505, 55.842511749710802 ], [ -4.20635345497442, 55.842293246730499 ], [ -4.2061252742642, 55.841987280861701 ], [ -4.20595165000346, 55.8417981241885 ], [ -4.20572918845208, 55.841623230787199 ], [ -4.20541916661687, 55.841450895279799 ], [ -4.20520309511611, 55.841358545439697 ], [ -4.20479302086238, 55.841223941844902 ], [ -4.20381000064441, 55.841013265704802 ], [ -4.20335469971882, 55.840814689002897 ], [ -4.20278228685257, 55.840352262527098 ], [ -4.20258082896984, 55.8400943290656 ], [ -4.20251570411546, 55.839958029833298 ], [ -4.20248858198863, 55.839762560952003 ], [ -4.20248951782299, 55.839383302186903 ], [ -4.20251477786779, 55.839264161694899 ], [ -4.2026315242425, 55.839041947038503 ], [ -4.20275474956189, 55.838876128751501 ], [ -4.20295684211333, 55.838665861002198 ], [ -4.20325032261455, 55.838404449103002 ], [ -4.20350552673457, 55.838229975591297 ], [ -4.20391079875038, 55.8380546988788 ], [ -4.20459654384377, 55.837837464257397 ], [ -4.20514850646257, 55.837713460156401 ], [ -4.20667790005679, 55.837477486295597 ], [ -4.20873698092176, 55.8373174219997 ], [ -4.2103820422224, 55.837150302227997 ], [ -4.21092452823256, 55.837112695589703 ], [ -4.21180773504303, 55.836999775395199 ], [ -4.21237913805296, 55.836882486898503 ], [ -4.21307668680246, 55.836707309297701 ], [ -4.21374118881494, 55.836513765913402 ], [ -4.21445724582241, 55.836215067811899 ], [ -4.2145486762435, 55.836192756555498 ], [ -4.21531503728295, 55.835824863852103 ], [ -4.21551397755905, 55.835729635058399 ], [ -4.2157730658629, 55.835594597628798 ], [ -4.21609390032909, 55.835366893466798 ], [ -4.21619260707183, 55.835333667788099 ], [ -4.21633928060944, 55.835245579181802 ], [ -4.21810411946207, 55.834127232325898 ], [ -4.21835616822142, 55.833926728864498 ], [ -4.2188872982758, 55.833577432215797 ], [ -4.21952307144651, 55.833301715408602 ], [ -4.21982154316671, 55.833213666785099 ], [ -4.22043318536489, 55.833103789667803 ], [ -4.22088363056652, 55.833106434125199 ], [ -4.22115166167502, 55.833184251317299 ], [ -4.22164520641758, 55.8333838684865 ], [ -4.22189695562491, 55.833513190441003 ], [ -4.22212610599113, 55.8336663708738 ], [ -4.22277068192484, 55.834244294188501 ], [ -4.22302859857896, 55.834509171600203 ], [ -4.22315831167617, 55.834684813572203 ], [ -4.22322943699919, 55.834950462890198 ], [ -4.22324888213139, 55.8352080621925 ], [ -4.22323248495267, 55.835368286363099 ], [ -4.22320119016119, 55.835518986498798 ], [ -4.22303460674784, 55.835818583330102 ], [ -4.22280539302035, 55.8364742987333 ], [ -4.22263328947616, 55.836818019752599 ], [ -4.22247356033667, 55.837237887010502 ], [ -4.22232806585896, 55.837708799620103 ], [ -4.22227977716237, 55.837954056077301 ], [ -4.22230852720263, 55.838319393711501 ], [ -4.22241180069501, 55.8385322615297 ], [ -4.22257680304131, 55.838709960608703 ], [ -4.22271648609606, 55.838806267473799 ], [ -4.22310344614148, 55.839010500674398 ], [ -4.22389110631345, 55.839350342543902 ], [ -4.22415261955969, 55.839456123937801 ], [ -4.22518200753855, 55.839776310690901 ], [ -4.22593515663783, 55.840043989026398 ], [ -4.22757639017162, 55.840815071032303 ], [ -4.22799508107573, 55.840539650157197 ], [ -4.22833228701863, 55.840317816498398 ], [ -4.23130227769355, 55.838214896964097 ], [ -4.23052428310816, 55.837876724181697 ], [ -4.23041448169631, 55.837826514450697 ], [ -4.2325675078794, 55.836297409794497 ], [ -4.2321727895284, 55.835847973095099 ], [ -4.23190851749219, 55.835416023599301 ], [ -4.23363478541427, 55.833605156544699 ], [ -4.23194986718308, 55.833017429718403 ], [ -4.2308613934696, 55.832638175080596 ], [ -4.230729458791, 55.832592052181397 ], [ -4.23052582681119, 55.831629619007302 ], [ -4.23026377512891, 55.830398614712003 ], [ -4.22932067648985, 55.826365136609901 ], [ -4.22925559801218, 55.8260652386342 ], [ -4.22929684487472, 55.826059100030697 ], [ -4.22920289418928, 55.825756131604102 ], [ -4.22917387582728, 55.825725211269997 ], [ -4.22886864023365, 55.824462641443702 ], [ -4.23016104742528, 55.823947555251003 ], [ -4.23090984016117, 55.823725522390397 ], [ -4.23195329815707, 55.823461206869801 ], [ -4.23241995731328, 55.823388041914001 ], [ -4.23284571714371, 55.8233776134891 ], [ -4.23333954647887, 55.823443215288798 ], [ -4.23475324521483, 55.823791377087097 ], [ -4.23495247591969, 55.823840764681499 ], [ -4.23395538285696, 55.820957805658502 ], [ -4.23373578838978, 55.820300339755597 ], [ -4.23363379703159, 55.819997520396399 ], [ -4.23356645156471, 55.819603325529798 ], [ -4.23355931337986, 55.819423670215599 ], [ -4.23360411070799, 55.819119082073399 ], [ -4.23356727423478, 55.819117056165503 ], [ -4.23375158301954, 55.818656293551904 ], [ -4.23088210788276, 55.818472917963703 ], [ -4.22859756201416, 55.818273479874598 ], [ -4.22856238307874, 55.818270523691403 ], [ -4.22786218149873, 55.818226614236202 ], [ -4.22787620727585, 55.818163466826 ], [ -4.22788194086685, 55.818125626989499 ], [ -4.22790994677756, 55.818083699549703 ], [ -4.22796942982996, 55.8180628546612 ], [ -4.22803324725768, 55.818062596592597 ], [ -4.2284481064824, 55.8180604663427 ], [ -4.22868176309545, 55.818042752475698 ], [ -4.22882643962234, 55.818004190621799 ], [ -4.22904363123125, 55.817894232283301 ], [ -4.22867075903047, 55.817654721754103 ], [ -4.22834568512694, 55.817385593164097 ], [ -4.22829076048927, 55.817400964120303 ], [ -4.22826391890844, 55.817378090018501 ], [ -4.22701036933063, 55.815022814530998 ], [ -4.226084211306, 55.8132843291447 ], [ -4.22608731543327, 55.813283374186703 ], [ -4.22606589444214, 55.813242432112403 ], [ -4.22605160601754, 55.813215736990401 ], [ -4.22604240710641, 55.813195239021802 ], [ -4.22601912480784, 55.813151635350899 ], [ -4.2259942887415, 55.813106172477298 ], [ -4.22598005003933, 55.8130803742824 ], [ -4.22594441527419, 55.813016329742503 ], [ -4.22591767030845, 55.812967398164801 ], [ -4.22589630093457, 55.812927353863202 ], [ -4.22587291642327, 55.8128819545516 ], [ -4.2258495832838, 55.812837453938101 ], [ -4.22584601789061, 55.812830330439098 ], [ -4.22582632449629, 55.812791962468403 ], [ -4.22581554891992, 55.812771493039598 ], [ -4.22580309394238, 55.812749256557701 ], [ -4.22580120957204, 55.812743900080399 ], [ -4.22579425561762, 55.812735041380499 ], [ -4.22577105334583, 55.812690537484997 ], [ -4.22575484950857, 55.812660282985597 ], [ -4.22573877798156, 55.8126300251893 ], [ -4.22570643010493, 55.812565921062102 ], [ -4.22564595940722, 55.812456413513701 ], [ -4.22548931140808, 55.812174343588801 ], [ -4.22548763203423, 55.812172576532198 ], [ -4.22073909027479, 55.813176085312001 ], [ -4.22053189508418, 55.813237421535199 ], [ -4.21976931773702, 55.813552275733798 ], [ -4.21835924857345, 55.8142670438978 ], [ -4.21777277184638, 55.814564331027803 ], [ -4.21735469431831, 55.814733599439101 ], [ -4.21683446556644, 55.814904797810399 ], [ -4.21635219953736, 55.815012327315301 ], [ -4.21577802999956, 55.815077485580403 ], [ -4.21536885250647, 55.815095643191498 ], [ -4.21452959187931, 55.815072132177697 ], [ -4.21448355364214, 55.814544478936902 ], [ -4.21435471460411, 55.814157671012403 ], [ -4.21418023810691, 55.813813014985797 ], [ -4.2138410167263, 55.8133202923824 ], [ -4.213577607737, 55.812841567315502 ], [ -4.21335711086354, 55.8123026798254 ], [ -4.21314175998606, 55.811770886368301 ], [ -4.21295387101207, 55.8111316804235 ], [ -4.21262203893302, 55.8102074629222 ], [ -4.21247848063336, 55.809927027261601 ], [ -4.21232105058435, 55.809682690600397 ], [ -4.21217634871357, 55.809523479940303 ], [ -4.21168502625672, 55.804352041015498 ], [ -4.21173408846785, 55.804344868734297 ], [ -4.21155155714864, 55.803096206878102 ], [ -4.21132985427356, 55.800312293833798 ], [ -4.20428501783306, 55.800446051142401 ], [ -4.20590245537959, 55.799817560709201 ], [ -4.20834620396178, 55.799102315198397 ], [ -4.2090347290606, 55.798865225654303 ], [ -4.21412988698145, 55.796487113302 ], [ -4.21437233815639, 55.7963739348831 ], [ -4.22013328934957, 55.793710318315497 ], [ -4.22056067399937, 55.793512113631202 ], [ -4.22169675973872, 55.792983745011199 ], [ -4.2239299554509, 55.791943943927897 ], [ -4.22546614479695, 55.790434944345698 ], [ -4.22813475101153, 55.787749642832502 ], [ -4.22851575644483, 55.787885595677601 ], [ -4.2296707465412, 55.786298093892903 ], [ -4.22992313939368, 55.785914253534102 ], [ -4.22572364560935, 55.7849110168736 ], [ -4.2253467861876, 55.784678749577701 ], [ -4.2245067246079, 55.7842679786216 ], [ -4.22551553425387, 55.783358120274897 ], [ -4.22558599261001, 55.782917294099597 ], [ -4.22581229819966, 55.782633669927201 ], [ -4.22669811523354, 55.781274889272403 ], [ -4.22721180185263, 55.781391370118399 ], [ -4.22801975164239, 55.781714740543499 ], [ -4.2283705838217, 55.781910543063397 ], [ -4.23002027405442, 55.782339931077203 ], [ -4.23327099528936, 55.783155318237696 ], [ -4.23336685065275, 55.782962193578399 ], [ -4.23394873480263, 55.782930051508302 ], [ -4.23501239691519, 55.782872072228002 ], [ -4.23612065672614, 55.782646959142397 ], [ -4.2358212110984, 55.783934041278698 ], [ -4.23605636090512, 55.783945935583198 ], [ -4.23659028236257, 55.784439563286298 ], [ -4.23700448208071, 55.784626999815899 ], [ -4.238022971908, 55.784975224693802 ], [ -4.23911998507706, 55.785107985245602 ], [ -4.23917372820589, 55.7850728626535 ], [ -4.23933565506274, 55.785114837459801 ], [ -4.24013468421725, 55.785531647552403 ], [ -4.24045235886288, 55.785675097569303 ], [ -4.2406456082774, 55.785763221894399 ], [ -4.24120773129152, 55.786080117572197 ], [ -4.24215770352322, 55.786539175997099 ], [ -4.24251288370242, 55.7863097742637 ], [ -4.24281152465986, 55.7864535655632 ], [ -4.24283424257803, 55.7866840682291 ], [ -4.24300142974653, 55.786760175308601 ], [ -4.24285074596447, 55.786859065964897 ], [ -4.24343469683744, 55.787138714414702 ], [ -4.24616036286318, 55.785969915828801 ], [ -4.2475594768642, 55.785394264383903 ], [ -4.24836294648528, 55.7851926755893 ], [ -4.24941764123517, 55.7850627655314 ], [ -4.24962423507416, 55.784994290992998 ], [ -4.25013450667677, 55.784880720446303 ], [ -4.25059954617177, 55.784812902023702 ], [ -4.25074091092872, 55.7848857875235 ], [ -4.25050527108053, 55.785032067422399 ], [ -4.25014823194502, 55.785173472488403 ], [ -4.24951542935379, 55.785486150437499 ], [ -4.24947596238602, 55.785520117450602 ], [ -4.249464282205, 55.785566154902398 ], [ -4.24951910653793, 55.785604686176498 ], [ -4.25017193792873, 55.785835419609299 ], [ -4.25023144633344, 55.785898124300402 ], [ -4.25021676913875, 55.785976563322599 ], [ -4.25027116291483, 55.786034958599899 ], [ -4.25039526609061, 55.786111754779697 ], [ -4.2506310085626, 55.786188302689602 ], [ -4.25087511750861, 55.786191019586298 ], [ -4.25101648553113, 55.786234254391999 ], [ -4.2511286259419, 55.786299677590101 ], [ -4.25140734765542, 55.786569514113403 ], [ -4.25152323944935, 55.786642954988999 ], [ -4.25165781130513, 55.786680023635 ], [ -4.25202039084579, 55.786716506109599 ], [ -4.25263746224901, 55.7866575722052 ], [ -4.25331368402644, 55.786684706390098 ], [ -4.25392692559323, 55.786750728753098 ], [ -4.2542402562245, 55.786735995021701 ], [ -4.2543921161859, 55.786742193470403 ], [ -4.25463154116253, 55.786827650287499 ], [ -4.25488344966049, 55.787019890754003 ], [ -4.25501353470885, 55.787088484872797 ], [ -4.2551812200792, 55.787120448831402 ], [ -4.2555741839909, 55.787159148189197 ], [ -4.255683464196, 55.787145371573899 ], [ -4.25598902691316, 55.787050808381302 ], [ -4.25609500291933, 55.787034486564799 ], [ -4.25635232875858, 55.7869336208852 ], [ -4.25704651083558, 55.786718615404503 ], [ -4.25723131832992, 55.786687366498903 ], [ -4.25741920871833, 55.786682116740302 ], [ -4.25791716752654, 55.786742151071003 ], [ -4.25807373940556, 55.786775214077302 ], [ -4.25823723819196, 55.786871134006702 ], [ -4.25828243948581, 55.786934097382698 ], [ -4.25831180975159, 55.787057551821398 ], [ -4.25834932743727, 55.787099091472498 ], [ -4.25851310534431, 55.787172543965198 ], [ -4.25860800087224, 55.787185175132599 ], [ -4.25871446728178, 55.787179623619501 ], [ -4.25903662879644, 55.787124282605198 ], [ -4.25923135201899, 55.787071194458001 ], [ -4.25932617718752, 55.787028119233199 ], [ -4.25968640735051, 55.786719506108497 ], [ -4.25999102022512, 55.7865270142904 ], [ -4.26003827901012, 55.786407452530398 ], [ -4.26017395641541, 55.786324989176002 ], [ -4.26032378797044, 55.786296175760803 ], [ -4.26052414193425, 55.7863131556661 ], [ -4.26060780044044, 55.786352048997102 ], [ -4.26067824483473, 55.786439794989697 ], [ -4.2607698379464, 55.786479440061697 ], [ -4.260877526469, 55.7864927337449 ], [ -4.26099081062953, 55.786466388695302 ], [ -4.2610823352924, 55.786393632871302 ], [ -4.26113105046998, 55.786299291984797 ], [ -4.26110197317801, 55.786156065597503 ], [ -4.26109604489779, 55.785915285709599 ], [ -4.26111667778908, 55.785858300128098 ], [ -4.26117062571299, 55.785799803539 ], [ -4.26127078696181, 55.785737670205997 ], [ -4.26138533087116, 55.785705910875102 ], [ -4.26154111269807, 55.785695855128402 ], [ -4.26174234844351, 55.7857280913287 ], [ -4.26204371706477, 55.785808888900398 ], [ -4.26258964059794, 55.785927323353498 ], [ -4.26267761286516, 55.785958947514096 ], [ -4.26312662215753, 55.785973140122003 ], [ -4.26326047331238, 55.785997629202299 ], [ -4.26384899016815, 55.786383206564203 ], [ -4.26430506866788, 55.786655135178897 ], [ -4.26483022750521, 55.786936659912797 ], [ -4.2649693720709, 55.787163302935902 ], [ -4.26497633017255, 55.787172159564797 ], [ -4.26504421463597, 55.787242788188401 ], [ -4.26474615428051, 55.7874119006445 ], [ -4.26461825943693, 55.787544541680298 ], [ -4.26462914165789, 55.787650454155397 ], [ -4.26493715630062, 55.787926995749601 ], [ -4.26526113368845, 55.788342510436003 ], [ -4.2656227906805, 55.788663884243299 ], [ -4.26633405716393, 55.789431743069002 ], [ -4.26659883057307, 55.789869101770599 ], [ -4.26671433194044, 55.7901842318104 ], [ -4.26695344932847, 55.790537513047099 ], [ -4.26717086777288, 55.790709696981402 ], [ -4.26742412359706, 55.791005121924997 ], [ -4.26774328517284, 55.791255392893802 ], [ -4.26805598440922, 55.791446481962701 ], [ -4.26824583934765, 55.791639837344199 ], [ -4.26801889602793, 55.792043948483297 ], [ -4.26784146088984, 55.792806632382003 ], [ -4.2677109446244, 55.792921443391002 ], [ -4.26743055951937, 55.793091941887802 ], [ -4.26733931113332, 55.793115189896703 ], [ -4.26669662024523, 55.7931737731897 ], [ -4.26484440368214, 55.7931450420649 ], [ -4.26342113042885, 55.7934157553495 ], [ -4.26327221145157, 55.793460727957502 ], [ -4.2631363863283, 55.793538704005101 ], [ -4.26303612733724, 55.793653851382402 ], [ -4.26292242396507, 55.793784430765498 ], [ -4.2627169337203, 55.794146805645298 ], [ -4.26258543091783, 55.794437734525097 ], [ -4.2625320856385, 55.794672416033201 ], [ -4.2625616731572, 55.794769806311102 ], [ -4.26261521449111, 55.795418612598397 ], [ -4.26255194940331, 55.795813407945502 ], [ -4.2623629796779, 55.796077541759303 ], [ -4.26200577327484, 55.796464363090799 ], [ -4.26130220624363, 55.797153164795297 ], [ -4.26048786447231, 55.797665110688399 ], [ -4.2603310904492, 55.797849581186703 ], [ -4.26030538120649, 55.797984828402697 ], [ -4.26059621976552, 55.798322790745502 ], [ -4.26105588152253, 55.798958731383102 ], [ -4.26116197150705, 55.799247980449998 ], [ -4.26125185409924, 55.7993937688248 ], [ -4.2613296302426, 55.799471404761903 ], [ -4.26145547797053, 55.799549953167102 ], [ -4.26181553926916, 55.7996224805973 ], [ -4.26227031814021, 55.7996518427639 ], [ -4.26433062187126, 55.7999059823346 ], [ -4.26529361784977, 55.799976279746197 ], [ -4.26543250870611, 55.800005165620099 ], [ -4.2655924096086, 55.800065111099897 ], [ -4.2657157529126, 55.800127528169199 ], [ -4.26578272613807, 55.800182089054204 ], [ -4.26580951106134, 55.800231011867801 ], [ -4.26579754438338, 55.8003013153171 ], [ -4.26550682866178, 55.8007344489301 ], [ -4.26520839153658, 55.801091353791797 ], [ -4.26495168880358, 55.801342363423899 ], [ -4.26474705632041, 55.801581631108398 ], [ -4.26464037120464, 55.801998791425703 ], [ -4.2644207243175, 55.801979479287802 ], [ -4.2647142870137, 55.802419899392603 ], [ -4.26483654976913, 55.802601836826597 ], [ -4.26527756578817, 55.803023364021598 ], [ -4.26545929688273, 55.803295849731498 ], [ -4.26558685300292, 55.803650378159702 ], [ -4.26559372310906, 55.804126542815801 ], [ -4.26663003494155, 55.803889901006698 ], [ -4.26829274189152, 55.803203131773401 ], [ -4.26924325389671, 55.802810815595699 ], [ -4.26963376586305, 55.802967217050899 ], [ -4.26936924927991, 55.803275884138699 ], [ -4.26928999552802, 55.8034220056416 ], [ -4.26917762670671, 55.8036299265938 ], [ -4.26909799580287, 55.8036610472452 ], [ -4.26908700184837, 55.803745708568499 ], [ -4.26916195674526, 55.803772178136697 ], [ -4.26919840461881, 55.803878514585499 ], [ -4.26929018184101, 55.803974755188101 ], [ -4.26807554686283, 55.8059187028446 ], [ -4.26791846332463, 55.806097797322003 ], [ -4.26708367426983, 55.806809716483897 ], [ -4.2655792168605, 55.806350307910598 ], [ -4.26533840271331, 55.806460861316197 ], [ -4.26527276405181, 55.806513285076399 ], [ -4.26521841360714, 55.806649060948402 ], [ -4.2652011662485, 55.806929798532302 ], [ -4.26517479223022, 55.806996773375701 ], [ -4.26507910890506, 55.807107344612902 ], [ -4.2648393480501, 55.8072950576016 ], [ -4.26444918292543, 55.807197125921597 ], [ -4.26413981402687, 55.807174076952698 ], [ -4.26371807994638, 55.807221381965 ], [ -4.26357931700883, 55.8072517919001 ], [ -4.26331165718846, 55.807342080140998 ], [ -4.26302374050772, 55.807468769956103 ], [ -4.2627803056086, 55.807672719446003 ], [ -4.26250834877672, 55.808020143189303 ], [ -4.2624206564298, 55.808157519428001 ], [ -4.2623947546926, 55.808262221544602 ], [ -4.26164833623627, 55.808601308787402 ], [ -4.26137505575043, 55.8087582735266 ], [ -4.26107202109643, 55.808983082555898 ], [ -4.2608183613123, 55.809287936869502 ], [ -4.26069937673868, 55.809382760280201 ], [ -4.26059090013777, 55.809438665892699 ], [ -4.26092954270691, 55.809689492237098 ], [ -4.25991997485722, 55.810116071367901 ], [ -4.26071214808111, 55.810676710585298 ], [ -4.26060643353118, 55.8107235805629 ], [ -4.2608522776662, 55.810889769312098 ], [ -4.260682240294, 55.811014284814902 ], [ -4.26201603833772, 55.811088568350101 ], [ -4.2624044997011, 55.811097588565403 ], [ -4.26305179228255, 55.8110587128809 ], [ -4.26412307685458, 55.810899708870103 ], [ -4.26494089137824, 55.8108288388378 ], [ -4.26525502694215, 55.810851888975002 ], [ -4.26588864845502, 55.810960601944402 ], [ -4.26644902597071, 55.810963743249303 ], [ -4.26667529473404, 55.810930817061902 ], [ -4.26690817253861, 55.810816904489201 ], [ -4.26719973301654, 55.810562552156703 ], [ -4.26742249668362, 55.810412796160399 ], [ -4.26716921220411, 55.8103114486225 ], [ -4.26742256628374, 55.810058699476201 ], [ -4.26778738899138, 55.809799399389703 ], [ -4.26818494086403, 55.809609666457597 ], [ -4.27015173985736, 55.808905580145897 ], [ -4.27011481580992, 55.808874815179699 ], [ -4.27044020116226, 55.808763588335196 ], [ -4.27084263133019, 55.809150679237298 ], [ -4.27121621711787, 55.8090988484512 ], [ -4.27144517324134, 55.809082935393299 ], [ -4.27164880243907, 55.8090998353318 ], [ -4.27195904915787, 55.808726524805301 ], [ -4.27445996546345, 55.809220424124902 ], [ -4.2745569145029, 55.809240192967899 ], [ -4.27459568861689, 55.8092484599063 ], [ -4.2746020509886, 55.809249240861497 ], [ -4.27536479728259, 55.809410412648297 ], [ -4.27701927828096, 55.809865934510803 ], [ -4.27750815109668, 55.8094380852055 ], [ -4.27782561036503, 55.809680273995298 ], [ -4.27792268811594, 55.809731485137299 ], [ -4.28005760743565, 55.810431522753298 ], [ -4.28084355130853, 55.810689268706597 ], [ -4.28099142351275, 55.810789850214199 ], [ -4.28121495779915, 55.810982559819998 ], [ -4.28154336740153, 55.811166134177697 ], [ -4.28186846707861, 55.811266118698597 ], [ -4.28206597775701, 55.8114232809707 ], [ -4.28248580894548, 55.811588082923102 ], [ -4.28303703776108, 55.811762930914497 ], [ -4.28325246915553, 55.811787768444901 ], [ -4.28409232742459, 55.811821575378602 ], [ -4.2850743161416, 55.811909337835502 ], [ -4.28539498760051, 55.811989628558401 ], [ -4.28594899974834, 55.812128562769701 ], [ -4.28667153477766, 55.812255282586797 ], [ -4.28687676494764, 55.812272128740901 ], [ -4.28716896342465, 55.812272979181898 ], [ -4.28737377374022, 55.812309598603903 ], [ -4.28751566632724, 55.812307855657302 ], [ -4.28909575671946, 55.812442042466301 ], [ -4.28937375907892, 55.812447645031298 ], [ -4.28970511242786, 55.812489989599896 ], [ -4.29027821309697, 55.812518841456601 ], [ -4.29090391633245, 55.812791190666601 ], [ -4.29115548631367, 55.812998635291798 ], [ -4.29156642380947, 55.813255219610298 ], [ -4.29203984657096, 55.813571734252299 ], [ -4.29241010246052, 55.8137606993159 ], [ -4.29262476699183, 55.813935584676003 ], [ -4.29268004506843, 55.813870759644203 ], [ -4.29276148643643, 55.813818924082 ], [ -4.29317635353213, 55.813625102763801 ], [ -4.29342657996126, 55.813538669017902 ], [ -4.29362329178325, 55.813435174188498 ], [ -4.29436670003665, 55.8129674636834 ], [ -4.29497198880136, 55.812621827810602 ], [ -4.29506388486487, 55.812555419803999 ], [ -4.29534527208901, 55.8122652499449 ], [ -4.29582193879707, 55.811796132933203 ], [ -4.29582188593843, 55.811795235166002 ], [ -4.29641797059026, 55.811130708491199 ], [ -4.29666665922611, 55.810906825776101 ], [ -4.29683746210571, 55.810665441137999 ], [ -4.29700836911924, 55.8102605275607 ], [ -4.29718526608889, 55.810093603567303 ], [ -4.29736275646961, 55.8099635971681 ], [ -4.29733640889962, 55.809949713343499 ], [ -4.2977171117332, 55.809746632169997 ], [ -4.29791794163405, 55.8096889660711 ], [ -4.29820677938888, 55.809606292057197 ], [ -4.29850823482909, 55.809467585646502 ], [ -4.29881287841706, 55.809682108023303 ], [ -4.29922915309804, 55.809975405295702 ], [ -4.29934235958524, 55.810054151343301 ], [ -4.29952815839486, 55.810147711750098 ], [ -4.29989752621194, 55.810265778927302 ], [ -4.30036335253297, 55.810397224415901 ], [ -4.30080854998337, 55.810477838865502 ], [ -4.30127805225773, 55.810508670088701 ], [ -4.30170463144803, 55.8105168535781 ], [ -4.30206893051183, 55.810524404860899 ], [ -4.30553372792756, 55.810441475933303 ], [ -4.30566269326303, 55.8103814620424 ], [ -4.30568445441186, 55.810371170099103 ], [ -4.30575928015462, 55.809909644930499 ], [ -4.3057470398751, 55.8096492199045 ], [ -4.30568559948749, 55.809364560062697 ], [ -4.3056588054433, 55.8090738593542 ], [ -4.30667385060513, 55.809182485725103 ], [ -4.30669573588831, 55.809120886632101 ], [ -4.30714682127217, 55.809245486143801 ], [ -4.30798047192387, 55.809390662576099 ], [ -4.30874747749753, 55.809594678817 ], [ -4.30923884448166, 55.809752656729003 ], [ -4.31001382062893, 55.810064335617596 ], [ -4.31036229328473, 55.810235686870499 ], [ -4.31077709822901, 55.8104759629311 ], [ -4.31129047580905, 55.8108428689821 ], [ -4.31160774035815, 55.811133496297401 ], [ -4.31155622553545, 55.811152435123098 ], [ -4.31172335232781, 55.811334471931197 ], [ -4.31181750595435, 55.811495328904201 ], [ -4.31183364306625, 55.811525574959397 ], [ -4.31199350631067, 55.811582856774599 ], [ -4.3121714986521, 55.8114886685591 ], [ -4.31231070589562, 55.811415067964397 ], [ -4.31247465345668, 55.811272714956601 ], [ -4.31262930507952, 55.811080131672803 ], [ -4.31320743491562, 55.8098496253279 ], [ -4.31395068353765, 55.8096792925597 ], [ -4.31442094521506, 55.809616525955498 ], [ -4.31484080782761, 55.809591456288899 ], [ -4.31522940056587, 55.809604890249297 ], [ -4.31504291467682, 55.808640359050202 ], [ -4.31521777680388, 55.808628978385201 ], [ -4.31930307640452, 55.808356076149202 ], [ -4.31949806276173, 55.808280517446903 ], [ -4.31989013073083, 55.808244277556902 ], [ -4.32386821780939, 55.807995734834201 ], [ -4.32438935496641, 55.808010141964999 ], [ -4.32487481210202, 55.808068349423301 ], [ -4.32577069751436, 55.8082922926233 ], [ -4.32623786588897, 55.808445273406598 ], [ -4.32625419425495, 55.8081852079386 ], [ -4.32622336080111, 55.808069794993301 ], [ -4.32622952472852, 55.8079591626 ], [ -4.32726006845437, 55.807630484455203 ], [ -4.32608950067342, 55.8065471230912 ], [ -4.3248451687378, 55.805617980708398 ], [ -4.32428665231528, 55.805242995405401 ], [ -4.3238575522272, 55.804844895241601 ], [ -4.32356069301676, 55.804413745411999 ], [ -4.32322343159527, 55.803977877831201 ], [ -4.32306734764369, 55.803687827114899 ], [ -4.32295883685063, 55.803392383457997 ], [ -4.32283212215656, 55.802846513201899 ], [ -4.32280924410238, 55.802621422011697 ], [ -4.32282128413408, 55.802127737827298 ], [ -4.32292074435209, 55.800689694440599 ], [ -4.32271895682456, 55.8005972783332 ], [ -4.32268939969011, 55.800582562430698 ], [ -4.32271708619573, 55.800565866137099 ], [ -4.32274920457609, 55.800541897827301 ], [ -4.32277221250606, 55.8005261886832 ], [ -4.32279516695412, 55.800509581787203 ], [ -4.32863218773464, 55.796319675762099 ], [ -4.33003554210664, 55.795320630900001 ], [ -4.33020384888383, 55.795200635576002 ], [ -4.33048489157892, 55.795019110673898 ], [ -4.33254020613388, 55.793532185021903 ], [ -4.33344842083939, 55.792874132811598 ], [ -4.33435780337834, 55.793062711997798 ], [ -4.33499748624373, 55.7931952206321 ], [ -4.33658385246303, 55.793523756830602 ], [ -4.33827188556332, 55.7938736094899 ], [ -4.34201263817788, 55.794667021303802 ], [ -4.34241024922428, 55.7947519910498 ], [ -4.34369489182874, 55.795024098812902 ], [ -4.34698212139233, 55.795035950153697 ], [ -4.35583926222751, 55.7950301251661 ], [ -4.3602136159667, 55.794473409159004 ], [ -4.36025788452069, 55.794468066142997 ], [ -4.36028005619952, 55.794464944976298 ], [ -4.36055871765964, 55.794429044387002 ], [ -4.36333840673837, 55.794544547836203 ], [ -4.37159855331547, 55.794928326062603 ], [ -4.37196565377892, 55.794772089669998 ], [ -4.37205926650633, 55.794764891379799 ], [ -4.372092392962, 55.794784019623997 ], [ -4.37257048250265, 55.795457841984401 ], [ -4.37276772253039, 55.795605882645702 ], [ -4.37729290086375, 55.798573389598602 ], [ -4.37725570366977, 55.7985911811516 ], [ -4.37659711033358, 55.798912196747402 ], [ -4.37803932793724, 55.799876531600297 ], [ -4.37807583453866, 55.799899186168801 ], [ -4.37747761961729, 55.799954875206197 ], [ -4.37706803760167, 55.7999627965578 ], [ -4.37645373032872, 55.799909892253901 ], [ -4.37573659868135, 55.799715299421102 ], [ -4.37538735255377, 55.799586283514699 ], [ -4.37502656464687, 55.7995312579828 ], [ -4.37494359477615, 55.799531962316998 ], [ -4.37464238516572, 55.799588997175498 ], [ -4.37429425684155, 55.799610098796002 ], [ -4.37397133175305, 55.799574105458802 ], [ -4.37377327443483, 55.799596799201503 ], [ -4.37355244663232, 55.799692801866001 ], [ -4.37344837571476, 55.799763996900097 ], [ -4.37324651873479, 55.799988030055403 ], [ -4.37296858636675, 55.800192056452502 ], [ -4.37259285789704, 55.800362928613303 ], [ -4.37201191081435, 55.8008585290832 ], [ -4.36980503886532, 55.802169255070098 ], [ -4.36984102895234, 55.802185633348003 ], [ -4.37231638996458, 55.802533321529999 ], [ -4.37226737272054, 55.802566703206303 ], [ -4.37204375855431, 55.802721070739103 ], [ -4.37140597930679, 55.803044351272398 ], [ -4.37105641984189, 55.803146335962403 ], [ -4.36931853835193, 55.8033542464281 ], [ -4.36918979354794, 55.803363915280997 ], [ -4.36899437555188, 55.8033784639942 ], [ -4.36846234080346, 55.803394106841303 ], [ -4.36778203105169, 55.803357794830397 ], [ -4.36869826738458, 55.804020495718298 ], [ -4.36914545618259, 55.804288709584597 ], [ -4.36992287282199, 55.804818402540398 ], [ -4.37087857246989, 55.805393171616799 ], [ -4.37158857758562, 55.8058629654535 ], [ -4.37168682426985, 55.805929356725699 ], [ -4.37172266979557, 55.805995155210802 ], [ -4.37174257814799, 55.806032598516403 ], [ -4.37211405789114, 55.806210524359003 ], [ -4.37316215243573, 55.806650513270498 ], [ -4.37426974963129, 55.8072807283272 ], [ -4.37426178791126, 55.807281779966402 ], [ -4.37416739504032, 55.807328528883602 ], [ -4.37399701961477, 55.807415380478602 ], [ -4.37385816736198, 55.807492639015798 ], [ -4.37412004486985, 55.807652997731502 ], [ -4.37461021642808, 55.807787292310401 ], [ -4.37450590679454, 55.807908899225303 ], [ -4.37448215904404, 55.807938110459297 ], [ -4.3744807448995, 55.807940833183999 ], [ -4.37447327499086, 55.807949962466402 ], [ -4.37447033900334, 55.807953613354996 ], [ -4.37446751230533, 55.807959058773299 ], [ -4.37446450027684, 55.807963609900298 ], [ -4.37446308613013, 55.807966332624801 ], [ -4.37446015173445, 55.807969983482401 ], [ -4.37445607490264, 55.807980844766199 ], [ -4.37445464092624, 55.807985364514401 ], [ -4.37445333612226, 55.807989882666298 ], [ -4.37445208752946, 55.807995297603497 ], [ -4.37441577671416, 55.808105617381898 ], [ -4.37440620452347, 55.808158005503998 ], [ -4.37440146575929, 55.808212007933101 ], [ -4.37440993042283, 55.808325057024099 ], [ -4.37441359914906, 55.808411243712797 ], [ -4.37441372923991, 55.8084652419316 ], [ -4.37441456595765, 55.8085308170254 ], [ -4.37441150601754, 55.8085605265113 ], [ -4.37440376952689, 55.808591225089799 ], [ -4.37440481645437, 55.808634334091003 ], [ -4.37440814196305, 55.808663022376201 ], [ -4.37441519167292, 55.808698826185598 ], [ -4.37441661955837, 55.808748216513898 ], [ -4.37460167933905, 55.809114110680198 ], [ -4.37460830305682, 55.8093287264739 ], [ -4.37464304414187, 55.809479994085599 ], [ -4.37473663900097, 55.809653395761202 ], [ -4.37479124444021, 55.809711642616698 ], [ -4.37495348710935, 55.809806536262897 ], [ -4.37516760015656, 55.809994681454903 ], [ -4.37553696179295, 55.810162844258301 ], [ -4.37568752360307, 55.810277639414899 ], [ -4.37588165104102, 55.810424927794401 ], [ -4.37597028620578, 55.810542716923301 ], [ -4.37605296576721, 55.8108520939236 ], [ -4.37599376610815, 55.811007872154597 ], [ -4.37584475551499, 55.811704582574897 ], [ -4.37561309543678, 55.8120406995141 ], [ -4.3754821332503, 55.812169920501297 ], [ -4.37524356225229, 55.812340844432001 ], [ -4.37517588514728, 55.812383483624401 ], [ -4.37478523136283, 55.812626530137898 ], [ -4.37434688875795, 55.812819191089801 ], [ -4.37429918985254, 55.8130061941782 ], [ -4.37439807825624, 55.813134568916503 ], [ -4.37433671434952, 55.813358674639197 ], [ -4.37425853290947, 55.813464411069802 ], [ -4.37421638395598, 55.813584816944903 ], [ -4.374183151771, 55.813957532568303 ], [ -4.3740521590822, 55.814190170155499 ], [ -4.37393075756515, 55.8143210022739 ], [ -4.37375526718813, 55.814425921860199 ], [ -4.37335164631996, 55.8145883481399 ], [ -4.37287533705198, 55.814735014038398 ], [ -4.37272903547998, 55.814796331257497 ], [ -4.37258132072089, 55.814886337274999 ], [ -4.3724000280481, 55.815056060145103 ], [ -4.37232589558943, 55.815174387052103 ], [ -4.3723148481447, 55.815622147878599 ], [ -4.37225523840066, 55.815745585304199 ], [ -4.37217454115127, 55.815836095181403 ], [ -4.37200420110168, 55.815922044056997 ], [ -4.37180921820498, 55.815970731540602 ], [ -4.37165571528285, 55.815991662720002 ], [ -4.37136808608534, 55.815986429238002 ], [ -4.37073891977241, 55.8158772635568 ], [ -4.37055466195812, 55.815866440662496 ], [ -4.3690451204343, 55.815927884099899 ], [ -4.3686570112869, 55.8159757948332 ], [ -4.36832048991879, 55.816060448022903 ], [ -4.3682664946885, 55.816090240582298 ], [ -4.36794023712389, 55.816263737630997 ], [ -4.36776513967108, 55.816403682844303 ], [ -4.36761533735884, 55.816591750475297 ], [ -4.36758786226001, 55.816665957797902 ], [ -4.36745274696619, 55.817700318271299 ], [ -4.3680542584527, 55.817826296167503 ], [ -4.36857701997929, 55.8179969172322 ], [ -4.36917548937414, 55.818230679776804 ], [ -4.3698456392486, 55.8184352931139 ], [ -4.37003842535502, 55.818480096968798 ], [ -4.37029772286143, 55.8185191253488 ], [ -4.3706537348578, 55.8185706642032 ], [ -4.37090044680955, 55.818586663095402 ], [ -4.37149798418961, 55.818594905563202 ], [ -4.37150768914156, 55.8185965159049 ], [ -4.37213871679743, 55.818681381758701 ], [ -4.37260584837717, 55.818776595631199 ], [ -4.37293652376576, 55.818885312945604 ], [ -4.37327302776345, 55.819037854062799 ], [ -4.37563405708926, 55.820110364639397 ], [ -4.37642820123034, 55.820488656047097 ], [ -4.3771836734939, 55.820886558000403 ], [ -4.37801994858874, 55.821327010532499 ], [ -4.380426875204, 55.8227022404064 ], [ -4.38088278388024, 55.822927116511998 ], [ -4.38141361086496, 55.823147843657303 ], [ -4.38137530865586, 55.823173743849203 ], [ -4.38114873246702, 55.823332676228802 ], [ -4.38110730619434, 55.823361332243103 ], [ -4.38099137177945, 55.823448127258501 ], [ -4.38000403130391, 55.824169160770303 ], [ -4.3795758758948, 55.824532449628997 ], [ -4.37933946466577, 55.824791393296898 ], [ -4.37929568923111, 55.824807514956497 ], [ -4.37929195499746, 55.824849816769699 ], [ -4.37918183877477, 55.825008288409897 ], [ -4.37909387403387, 55.825188884229902 ], [ -4.3789803085557, 55.825577531712597 ], [ -4.37890349442955, 55.825705798274697 ], [ -4.37876754802512, 55.825831524706103 ], [ -4.37859836022487, 55.825988533061697 ], [ -4.3778110130939, 55.8265627255821 ], [ -4.3776128771908, 55.826769710190298 ], [ -4.37755810944026, 55.826786942525899 ], [ -4.37750893573471, 55.826949714868697 ], [ -4.37749845952301, 55.827064927489097 ], [ -4.37749172063215, 55.827137837392698 ], [ -4.37755948957461, 55.827359447793903 ], [ -4.37771280159301, 55.827724962370802 ], [ -4.37772987454785, 55.827769558093102 ], [ -4.37770926240091, 55.827772652073897 ], [ -4.37803156113054, 55.828264374261202 ], [ -4.37859277905331, 55.828878165691798 ], [ -4.37587662381955, 55.8336680732126 ], [ -4.37529497627785, 55.834684112360499 ], [ -4.37611718168315, 55.8349926798345 ], [ -4.37574107286995, 55.835033191684303 ], [ -4.37543414788272, 55.835158712325601 ], [ -4.37525935567471, 55.835252837841999 ], [ -4.37502019756355, 55.835416492659199 ], [ -4.37483519099016, 55.835550439616597 ], [ -4.37476318594445, 55.8356264061171 ], [ -4.37469833177544, 55.835767825547897 ], [ -4.37468908789906, 55.835905565603902 ], [ -4.37477626731538, 55.836313692574201 ], [ -4.37477374222675, 55.836455795817898 ], [ -4.37459317729243, 55.836768458873998 ], [ -4.37424526236773, 55.837269446206797 ], [ -4.37401402744873, 55.8375633199352 ], [ -4.37381791312033, 55.837701072850201 ], [ -4.37348424947384, 55.837859361069199 ], [ -4.37297672905731, 55.838023787445799 ], [ -4.37244554737975, 55.838165218435101 ], [ -4.37202073866188, 55.8383234632553 ], [ -4.37172912857652, 55.838387579816299 ], [ -4.37106349727519, 55.838447136954201 ], [ -4.37105354502883, 55.838571323331699 ], [ -4.37089780443805, 55.838978743918503 ], [ -4.37081384472381, 55.8390424491337 ], [ -4.37069307522581, 55.839131034328503 ], [ -4.37049072432539, 55.8392445525635 ], [ -4.37023942731625, 55.839445359883598 ], [ -4.37030873743789, 55.839508717160598 ], [ -4.37056815842937, 55.8395711046348 ], [ -4.37057458074993, 55.839572778372897 ], [ -4.37061425676625, 55.8396987924461 ], [ -4.37069757801142, 55.839756487753498 ], [ -4.37063143663651, 55.8401388200041 ], [ -4.37090299216904, 55.840742054385998 ], [ -4.36979777160885, 55.841138122912398 ], [ -4.36979308930804, 55.841139111896901 ], [ -4.36974534446971, 55.841246145347597 ], [ -4.36966398209381, 55.841406748427303 ], [ -4.36972151760038, 55.841486505273998 ], [ -4.36985527221229, 55.8421085714686 ], [ -4.3698282512065, 55.842188249955001 ], [ -4.36878070256015, 55.8452659620378 ], [ -4.36810993491977, 55.845189027573802 ], [ -4.3680292909692, 55.845439556891399 ], [ -4.36858527159829, 55.846883085181901 ], [ -4.36874809621741, 55.847091097944698 ], [ -4.36876549011564, 55.847115023299303 ], [ -4.36916117865264, 55.847054390228003 ], [ -4.3692149703387, 55.847150392749803 ], [ -4.36969399969625, 55.847067486367997 ], [ -4.36965684965906, 55.847034957723899 ], [ -4.37024392772575, 55.846941881244 ], [ -4.37034962461743, 55.846685476859101 ], [ -4.37091667109214, 55.846866918061302 ], [ -4.37107959595293, 55.846918585767398 ], [ -4.37095101141508, 55.847063028908202 ], [ -4.37158171242411, 55.847320511283499 ], [ -4.37156117322618, 55.847348760932597 ], [ -4.37135761492149, 55.847626820617101 ], [ -4.37167952095288, 55.847693393055799 ], [ -4.37242210081059, 55.847791474919902 ], [ -4.37277408281525, 55.8478781296701 ], [ -4.37311432212121, 55.847983878654397 ], [ -4.37487908052644, 55.848653617214197 ], [ -4.37435200515062, 55.849205683630203 ], [ -4.37392035132908, 55.850300669814402 ], [ -4.37445045894757, 55.850426112045497 ], [ -4.37464333850307, 55.850471806925498 ], [ -4.37488762455327, 55.850574101770498 ], [ -4.37510983255855, 55.850733339487 ], [ -4.37541687698779, 55.851103974371398 ], [ -4.37548416113755, 55.851185427753599 ], [ -4.37561471864582, 55.851282640272899 ], [ -4.37588072918204, 55.851399699033102 ], [ -4.37624851240613, 55.851483433131399 ], [ -4.37662637069631, 55.851522855587497 ], [ -4.37682334728163, 55.851529830859903 ], [ -4.37717244339093, 55.851516794719103 ], [ -4.37716519469837, 55.8515016603139 ], [ -4.37987415158734, 55.851043867319497 ], [ -4.37921613267536, 55.852668160297199 ], [ -4.37986886726082, 55.854170773674902 ], [ -4.38031730416338, 55.8551264632071 ], [ -4.38053794261723, 55.855599479663297 ], [ -4.38087790352498, 55.856220236303798 ], [ -4.38084913322506, 55.856271109614298 ], [ -4.38087255317914, 55.8563416388129 ], [ -4.37990618827591, 55.856348660458401 ], [ -4.3784373406973, 55.8563150770362 ], [ -4.37810716522231, 55.856299897474699 ], [ -4.37757618444896, 55.856239181315402 ], [ -4.37654470045387, 55.856461280033599 ], [ -4.37647735651044, 55.8564329310517 ], [ -4.37478843960184, 55.856277764103197 ], [ -4.37267239025425, 55.856139710456098 ], [ -4.37180235585296, 55.856021715266898 ], [ -4.36843210771355, 55.855704705703602 ], [ -4.36711838516123, 55.855543910961998 ], [ -4.36593632461478, 55.855418395721301 ], [ -4.36578542557044, 55.855406831044 ], [ -4.36467145228092, 55.855324020386902 ], [ -4.36458671675647, 55.855429875939102 ], [ -4.36393934220907, 55.856241358580597 ], [ -4.36273589730521, 55.857841801855102 ], [ -4.3617235012132, 55.859355001901498 ], [ -4.36142289642511, 55.8599054434153 ], [ -4.36111788283306, 55.860224964149502 ], [ -4.36087309805732, 55.860457880663098 ], [ -4.36048350183906, 55.860832035120097 ], [ -4.3567084765712, 55.863520746500001 ], [ -4.35581754564688, 55.863534214740604 ], [ -4.35523309413241, 55.863542707301498 ], [ -4.35521545522497, 55.863543044940499 ], [ -4.3542716859185, 55.863556614617501 ], [ -4.35309172398026, 55.863573795548596 ], [ -4.35311427628002, 55.863868162266698 ], [ -4.35327077959882, 55.864050260240397 ], [ -4.35345143962564, 55.8642373765976 ], [ -4.3537230753464, 55.864420865928103 ], [ -4.35418458926673, 55.864704139249 ], [ -4.35453169706638, 55.864919516823797 ], [ -4.35486960126726, 55.865222224844899 ], [ -4.35502042769354, 55.865469210867097 ], [ -4.35513234412781, 55.865759171419 ], [ -4.3552153166284, 55.866126058753899 ], [ -4.35537421771752, 55.866850082988201 ], [ -4.35534479216938, 55.867104112532601 ], [ -4.35543138510336, 55.867476320296802 ], [ -4.35557366011359, 55.8679257211205 ], [ -4.35573578810852, 55.868624524669002 ], [ -4.35575240729019, 55.868818371844299 ], [ -4.35568473035998, 55.869021830093899 ], [ -4.35584838055021, 55.869162546170699 ], [ -4.35583096255377, 55.869693083421701 ], [ -4.35596593503253, 55.869941269714502 ], [ -4.3560366540955, 55.870212250083497 ], [ -4.35603358707729, 55.870479252630801 ], [ -4.35589862906479, 55.870731709779598 ], [ -4.35572424871948, 55.870833883089702 ], [ -4.35566368277455, 55.8709698173951 ], [ -4.35573969441586, 55.871088850951303 ], [ -4.35576233005649, 55.871358056720801 ], [ -4.35584688626618, 55.871513674884703 ], [ -4.35595328864447, 55.871633922950501 ], [ -4.35603894015865, 55.8720708393273 ], [ -4.35625434851258, 55.8731721359432 ], [ -4.35625669612491, 55.873184759830401 ], [ -4.35555945820835, 55.8732070964112 ], [ -4.35543962154785, 55.873154493055097 ], [ -4.3550109534257, 55.873151917063801 ], [ -4.35472023414254, 55.873076617087001 ], [ -4.35464715408932, 55.873058248570899 ], [ -4.3545822146775, 55.873041521720999 ], [ -4.3545790002664, 55.873040684484799 ], [ -4.35448125242808, 55.873011107744503 ], [ -4.35445810940244, 55.872998971665403 ], [ -4.35421199335063, 55.872920121476298 ], [ -4.35419568343419, 55.872914144082301 ], [ -4.35418089838884, 55.872907238751402 ], [ -4.35416586672526, 55.872898451649498 ], [ -4.35343350772049, 55.873738453250702 ], [ -4.35422807995931, 55.874108796327697 ], [ -4.35428231936846, 55.874133815100798 ], [ -4.35524864214124, 55.874621353342299 ], [ -4.3559774954953, 55.874883326037299 ], [ -4.35745712486727, 55.875370898036003 ], [ -4.35807453392867, 55.875614237276103 ], [ -4.35872034853516, 55.875902044464901 ], [ -4.35908717341612, 55.876019092396 ], [ -4.35942624801217, 55.876180608730799 ], [ -4.35999801757426, 55.876381775515497 ], [ -4.36068680144749, 55.876719063235498 ], [ -4.36134798466631, 55.876970619900199 ], [ -4.36189257065425, 55.877225311197101 ], [ -4.36255153474595, 55.877570347707803 ], [ -4.36316402985022, 55.877864160904103 ], [ -4.36372311533393, 55.878040305492199 ], [ -4.3639951130151, 55.878043165689803 ], [ -4.36416559441279, 55.878137016408402 ], [ -4.3647599947762, 55.878395228899798 ], [ -4.36532373758545, 55.8786737949615 ], [ -4.36740852044228, 55.879617807507998 ], [ -4.36813178796749, 55.880127795847201 ], [ -4.36914202255325, 55.880541596686697 ], [ -4.37084529691586, 55.881441686227603 ], [ -4.37133475539129, 55.881655078228697 ], [ -4.37279174210287, 55.882235443145198 ], [ -4.37336012743543, 55.882536345831603 ], [ -4.37401185633608, 55.882971400069003 ], [ -4.37415998386917, 55.883039522017398 ], [ -4.3762512645265, 55.884003947801503 ], [ -4.3764062625401, 55.884054864731802 ], [ -4.37681593936359, 55.884085585534997 ], [ -4.37712872000083, 55.884181164205501 ], [ -4.378077983105, 55.884613961025501 ], [ -4.38015115350346, 55.8854367093058 ], [ -4.38193310798641, 55.886280334328497 ], [ -4.38241895185865, 55.886510020121499 ], [ -4.38331616842224, 55.886851236528699 ], [ -4.38503507496947, 55.887367899387399 ], [ -4.38601102552133, 55.887635688323101 ], [ -4.38651371506173, 55.887748224071302 ], [ -4.39072773788148, 55.888582247008401 ], [ -4.39318534807638, 55.889145624236797 ], [ -4.39276446231906, 55.889400901795703 ], [ -4.39239270304529, 55.889571751390598 ], [ -4.39226202892953, 55.889631797704801 ], [ -4.39192920156564, 55.889783917952599 ], [ -4.39176678211609, 55.889900288403702 ], [ -4.39160221687386, 55.890058930713501 ], [ -4.39143603237581, 55.890165580096898 ], [ -4.39100300854258, 55.890326744343803 ], [ -4.39085789152522, 55.890516545394902 ], [ -4.39067848619057, 55.890693444031001 ], [ -4.39046420464688, 55.890747117127297 ], [ -4.39024909287994, 55.890759383625401 ], [ -4.39012045146518, 55.890747507574503 ], [ -4.38995836382203, 55.890712829723398 ], [ -4.3895392731367, 55.890581702541098 ], [ -4.38931897469858, 55.890537462011103 ], [ -4.38914108636561, 55.890531034451698 ], [ -4.38896507461224, 55.890555118387802 ], [ -4.38881867321135, 55.890724185984602 ], [ -4.38870825394739, 55.890774940175099 ], [ -4.38866255055065, 55.890758665752699 ], [ -4.3885456200709, 55.890626159955602 ], [ -4.38844756599625, 55.890566964859801 ], [ -4.38807926767918, 55.8904554227232 ], [ -4.3878345251231, 55.8904017712211 ], [ -4.38762702266667, 55.890383336289901 ], [ -4.38744669030305, 55.890388633193901 ], [ -4.38725302811503, 55.890413058166999 ], [ -4.38716953436464, 55.890408388990899 ], [ -4.38601708077721, 55.890078443050797 ], [ -4.38577971215645, 55.890041715555398 ], [ -4.3855087893818, 55.890057752517698 ], [ -4.38531870829592, 55.890140507861098 ], [ -4.38520639120263, 55.890211961136103 ], [ -4.38516180795503, 55.890267634344198 ], [ -4.3851632718134, 55.890343080938202 ], [ -4.38529656850601, 55.890482461099701 ], [ -4.38532145485105, 55.890576412096102 ], [ -4.38536626841632, 55.890627656341699 ], [ -4.38560690143747, 55.890771244143401 ], [ -4.38561702471052, 55.890910407215699 ], [ -4.38605202996984, 55.890987327467599 ], [ -4.38634495484308, 55.891069698993199 ], [ -4.38721655613527, 55.891251447206898 ], [ -4.38693975129146, 55.891665732290399 ], [ -4.38657017227789, 55.8921582845568 ], [ -4.38619815708148, 55.892456712569803 ], [ -4.3859182045157, 55.892637355541801 ], [ -4.38523092761544, 55.892384632230097 ], [ -4.38421423177199, 55.892105944890702 ], [ -4.38418311235273, 55.892121014827403 ], [ -4.38408999980078, 55.892088586094502 ], [ -4.38388351876774, 55.892061139865199 ], [ -4.38366468404814, 55.892064482154098 ], [ -4.38359054204775, 55.892081193681499 ], [ -4.38348006161435, 55.8922622300041 ], [ -4.38330533008592, 55.892386916610903 ], [ -4.38327473561003, 55.892434232367997 ], [ -4.38327787864007, 55.892485476388799 ], [ -4.38337913462764, 55.892650639399797 ], [ -4.38335715867738, 55.892709469586499 ], [ -4.38313922488976, 55.892884500390501 ], [ -4.38321717521953, 55.892983624410597 ], [ -4.38362632781862, 55.893186938611102 ], [ -4.38363481891912, 55.8932200189479 ], [ -4.38358481278644, 55.893238959052297 ], [ -4.38340527145542, 55.893259509517101 ], [ -4.38340532652074, 55.893260407227601 ], [ -4.383350366889, 55.893407121750201 ], [ -4.38337057582688, 55.893528030977798 ], [ -4.38296259596982, 55.8937094400099 ], [ -4.38268684310042, 55.893801938134899 ], [ -4.38314145662512, 55.894408797098002 ], [ -4.38318749441638, 55.894533698005901 ], [ -4.38238146999744, 55.894665310759201 ], [ -4.3817975687588, 55.8948212802092 ], [ -4.3811854909848, 55.895064139566699 ], [ -4.38066180812161, 55.895342124977802 ], [ -4.38089748341146, 55.895559497507001 ], [ -4.38105031323939, 55.895729144820201 ], [ -4.38175030818257, 55.8965028755931 ], [ -4.38064810484309, 55.896814524046803 ], [ -4.38048842387813, 55.8968194109762 ], [ -4.38035554523782, 55.896764477785503 ], [ -4.38029905317716, 55.897357874405699 ], [ -4.380225847239, 55.897415897676602 ], [ -4.38001294949135, 55.897464943257901 ], [ -4.38037787803651, 55.897989984518503 ], [ -4.37892747489595, 55.900087960000597 ], [ -4.37873031076663, 55.900081888870602 ], [ -4.37806028283767, 55.9000606098639 ], [ -4.3755798956188, 55.899941409857398 ], [ -4.3755478378623, 55.899967187456397 ], [ -4.37547456512933, 55.900024310313697 ], [ -4.37549370130243, 55.900102112679498 ], [ -4.37550672531381, 55.900157658955997 ], [ -4.37552220544862, 55.900227443837402 ], [ -4.37572686841024, 55.900358270034403 ], [ -4.37581723770866, 55.900449161540799 ], [ -4.37586187759245, 55.9005255716203 ], [ -4.3758799152078, 55.900714810954398 ], [ -4.37583416643273, 55.901064499389399 ], [ -4.37587509472016, 55.901185907337002 ], [ -4.37600852175921, 55.9013531503576 ], [ -4.3762110568454, 55.901524539097402 ], [ -4.37641424652703, 55.901631132033401 ], [ -4.37755121820061, 55.902065789712601 ], [ -4.37742171604684, 55.9022515906222 ], [ -4.37834913086437, 55.902660640217299 ], [ -4.37897173326983, 55.902979346833497 ], [ -4.37978979258574, 55.903430843911899 ], [ -4.38068026751379, 55.903996034353099 ], [ -4.38230436377626, 55.905146507253299 ], [ -4.38715556054537, 55.9085585857528 ], [ -4.38995268453848, 55.910511217070102 ], [ -4.3885800787764, 55.910672740462701 ], [ -4.38809156657531, 55.910744222045899 ], [ -4.38687670950334, 55.911182103887697 ], [ -4.38690779958011, 55.911243588242499 ], [ -4.38689563934679, 55.911307618438698 ], [ -4.38700834926454, 55.911473455439399 ], [ -4.38702034429525, 55.911539803215703 ], [ -4.38761126063801, 55.9117817196638 ], [ -4.38787478187958, 55.912007614589697 ], [ -4.38787824163803, 55.912010243773899 ], [ -4.38788151507089, 55.912011976898398 ], [ -4.38799250506247, 55.912151878960003 ], [ -4.38801562774593, 55.912240383035098 ], [ -4.38802403147165, 55.912248307122397 ], [ -4.38837428530863, 55.912582136941097 ], [ -4.38852255307992, 55.9126780963173 ], [ -4.38860961955083, 55.912791506155003 ], [ -4.38860956437883, 55.912790609347802 ], [ -4.38866360554921, 55.912916250919103 ], [ -4.38864449977033, 55.9130217491007 ], [ -4.38871858168329, 55.913157874084 ], [ -4.38865902630435, 55.9132578670255 ], [ -4.38868786250007, 55.913492809255303 ], [ -4.38859519402038, 55.913807383598801 ], [ -4.38866581188221, 55.913940790551898 ], [ -4.38855450477982, 55.9140553560445 ], [ -4.38858412216966, 55.914146430264502 ], [ -4.38849701119828, 55.914186757954603 ], [ -4.38850239066807, 55.914327810933401 ], [ -4.38847132568154, 55.914341891136203 ], [ -4.38838816665331, 55.914343505406599 ], [ -4.38835097531311, 55.914363096262498 ], [ -4.38826412315865, 55.914459126740702 ], [ -4.3882723102777, 55.914540733147497 ], [ -4.38823322307773, 55.914608881230102 ], [ -4.38810217628448, 55.914687888235299 ], [ -4.38811849198416, 55.9147450770961 ], [ -4.3881020855353, 55.914817276999401 ], [ -4.38805060150072, 55.914891955264999 ], [ -4.38812527225628, 55.915011895670801 ], [ -4.38801965447813, 55.915090320029897 ], [ -4.38801960247862, 55.915166694588201 ], [ -4.38795575507144, 55.9152227438382 ], [ -4.38801177441309, 55.915326872805103 ], [ -4.38795098350499, 55.915430484407601 ], [ -4.38802566565535, 55.915526973771399 ], [ -4.3880166805557, 55.915640451533498 ], [ -4.3879798735199, 55.915771450743897 ], [ -4.38793363141224, 55.915826259509103 ], [ -4.38799029079484, 55.915887157493202 ], [ -4.3880112311141, 55.915993764817898 ], [ -4.38797604151485, 55.916099574971398 ], [ -4.38793493200027, 55.916132718874401 ], [ -4.38797939374077, 55.916205534987498 ], [ -4.38805090174855, 55.916248264507999 ], [ -4.38803353938329, 55.916356423208804 ], [ -4.3879250656729, 55.916414237292798 ], [ -4.38788445031178, 55.916483312756803 ], [ -4.38782001561983, 55.916527691901599 ], [ -4.38779198782844, 55.916619076048697 ], [ -4.38767547411789, 55.916677045921098 ], [ -4.38750901885106, 55.9168069664996 ], [ -4.38749690406493, 55.916895346361102 ], [ -4.38744538171577, 55.9169673296215 ], [ -4.38728920637034, 55.917030559845003 ], [ -4.38724468943698, 55.9171671001085 ], [ -4.38720854896168, 55.917203832319203 ], [ -4.38702167143483, 55.917261369101801 ], [ -4.3869418169491, 55.917316828609202 ], [ -4.38651544820384, 55.917462573044702 ], [ -4.38650135792374, 55.917467338413097 ], [ -4.38620999481427, 55.9174909592681 ], [ -4.3861504720849, 55.917538028437797 ], [ -4.38608577350408, 55.917554557778899 ], [ -4.38605875122999, 55.917582935751199 ], [ -4.38592036177311, 55.917596401888801 ], [ -4.38578360879931, 55.917688006262402 ], [ -4.38549255368401, 55.917718807829701 ], [ -4.38539433751118, 55.917761145129603 ], [ -4.38529805832162, 55.917834982835402 ], [ -4.38515225324401, 55.917884532986001 ], [ -4.38490965042958, 55.917896422916698 ], [ -4.38487054057378, 55.9179106589838 ], [ -4.38483606652579, 55.917923007637803 ], [ -4.38476769058309, 55.917954883131998 ], [ -4.38467948553297, 55.917926042331501 ], [ -4.38463927297103, 55.917922329578701 ], [ -4.3843586967616, 55.918018515586503 ], [ -4.38421638782373, 55.917996113688297 ], [ -4.38400636195248, 55.918016355176398 ], [ -4.38391898380958, 55.918000975288003 ], [ -4.38380012808379, 55.918044609133602 ], [ -4.38355879059007, 55.918077136704397 ], [ -4.38350772263814, 55.918105080745903 ], [ -4.38339573319699, 55.918054236878099 ], [ -4.38315675332088, 55.918071443328301 ], [ -4.38305044066998, 55.918113036903598 ], [ -4.3819492424219, 55.918373446755403 ], [ -4.3814649189987, 55.918487045049702 ], [ -4.38022666510834, 55.918757278445597 ], [ -4.37999161320206, 55.918786981743402 ], [ -4.3799251967564, 55.918956377334297 ], [ -4.37979901396173, 55.919065740029502 ], [ -4.37965819678335, 55.919143039623101 ], [ -4.37967118657798, 55.919251598146403 ], [ -4.37964804999051, 55.919317636774998 ], [ -4.37971080056049, 55.919506010334104 ], [ -4.37972244223114, 55.9197475751889 ], [ -4.37978460987143, 55.919820949754303 ], [ -4.37989665233008, 55.919900638332898 ], [ -4.37985674219083, 55.919953523309402 ], [ -4.37987179717451, 55.920016128219402 ], [ -4.37979680878493, 55.920125399796603 ], [ -4.37978368496896, 55.9201976243384 ], [ -4.37990244380881, 55.920255529038897 ], [ -4.37978838108848, 55.920353874663299 ], [ -4.37973060786382, 55.920532987552697 ], [ -4.37948207529099, 55.920760622769699 ], [ -4.37945804237106, 55.9209175182027 ], [ -4.37961707028159, 55.920980035741799 ], [ -4.37911634644948, 55.921035537128603 ], [ -4.37911471036194, 55.9210346708754 ], [ -4.37909076112587, 55.921009975336801 ], [ -4.37901022177008, 55.921000749193603 ], [ -4.37618955917616, 55.920760423229702 ], [ -4.37412606113651, 55.9207535123941 ], [ -4.37073960705829, 55.920708256469901 ], [ -4.36616407064919, 55.920848376941599 ], [ -4.36597440667468, 55.920861004951597 ], [ -4.3655039324116, 55.920967079601297 ], [ -4.36543758094955, 55.920982729408998 ], [ -4.36416245838146, 55.9210971487203 ], [ -4.36416082261648, 55.9210962822563 ], [ -4.36374673419452, 55.920971160807603 ], [ -4.36327393744595, 55.920857137871501 ], [ -4.36292214255735, 55.920836033369902 ], [ -4.36255101235373, 55.9207856478154 ], [ -4.36202844822669, 55.920536812021403 ], [ -4.36189938670805, 55.9205195195158 ], [ -4.36148959736662, 55.920362861572499 ], [ -4.3612485112474, 55.920582314009799 ], [ -4.36105206433577, 55.920667843084601 ], [ -4.35917479953512, 55.920882702496797 ], [ -4.35917321679278, 55.920882732809901 ], [ -4.35882594464105, 55.9208317892571 ], [ -4.35849612495906, 55.9207509504878 ], [ -4.35825689824795, 55.920712402960902 ], [ -4.35822958037351, 55.920710230584199 ], [ -4.35797396736773, 55.920690864704802 ], [ -4.35754777795983, 55.9207376571281 ], [ -4.35723685566344, 55.920678915945899 ], [ -4.35701687930585, 55.920587884185103 ], [ -4.35618593845263, 55.920160641708797 ], [ -4.35496822977699, 55.919481123073602 ], [ -4.3537750893571, 55.918862221607803 ], [ -4.35237436193018, 55.918063888918702 ], [ -4.35117623530499, 55.917439666714401 ], [ -4.35083189451186, 55.917410299802597 ], [ -4.35017665022806, 55.917108239846101 ], [ -4.35007224530659, 55.9171012470539 ], [ -4.35006622003577, 55.917108550251697 ], [ -4.34975592183897, 55.9171117739685 ], [ -4.34893620467424, 55.917052834034202 ], [ -4.34845076750095, 55.916806828256703 ], [ -4.34828736242013, 55.916751540889003 ], [ -4.34805523216562, 55.916696665606899 ], [ -4.34717155404198, 55.916718899046501 ], [ -4.34679363896734, 55.9166622175754 ], [ -4.34621513962973, 55.916491741547098 ], [ -4.34671070264236, 55.916244109761998 ], [ -4.34762550364001, 55.9159947753867 ], [ -4.34808933167806, 55.915831392395297 ], [ -4.34820060162654, 55.915740320593997 ], [ -4.34838760895296, 55.9154725073194 ], [ -4.34867277954087, 55.915158795565802 ], [ -4.34790519779484, 55.914030183408698 ], [ -4.34773467912035, 55.913909441852603 ], [ -4.34750485808759, 55.913840055404897 ], [ -4.34839644063298, 55.9126799017316 ], [ -4.34823176760002, 55.9125248168002 ], [ -4.34758559386713, 55.911921485251099 ], [ -4.34863483807703, 55.910827507991797 ], [ -4.34940097330417, 55.9100291360323 ], [ -4.34860807841866, 55.908770729627697 ], [ -4.34861903088162, 55.908687858736997 ], [ -4.34887934640127, 55.906563608392197 ], [ -4.34890921496466, 55.906342008844703 ], [ -4.34892630474636, 55.906201426807002 ], [ -4.34848541735667, 55.905234696253402 ], [ -4.3482524098825, 55.905375800573403 ], [ -4.34792097927838, 55.905691293308699 ], [ -4.34775106103184, 55.905791570387898 ], [ -4.34743777447201, 55.905874812907399 ], [ -4.34709391093134, 55.905877773746099 ], [ -4.34631824512846, 55.905777546267799 ], [ -4.34621631906222, 55.905677868722599 ], [ -4.34601170490409, 55.9056296534159 ], [ -4.34582868436417, 55.9056178654821 ], [ -4.34557052255104, 55.905635361752402 ], [ -4.34506814771837, 55.905529921882497 ], [ -4.34439170421841, 55.905296522752998 ], [ -4.34360742095647, 55.905105605408203 ], [ -4.34331476607269, 55.9049755013029 ], [ -4.3433265730273, 55.904959103568103 ], [ -4.34284888603155, 55.9046787864145 ], [ -4.34233597875175, 55.904503363106699 ], [ -4.34160667231855, 55.9042962031481 ], [ -4.3409687436314, 55.904197726338197 ], [ -4.34062029564422, 55.904174698846397 ], [ -4.33748643932806, 55.904207268021899 ], [ -4.3367799707594, 55.904192822244802 ], [ -4.33657391145201, 55.9041706754847 ], [ -4.33591692669007, 55.904075319433701 ], [ -4.3353538743614, 55.903969104841003 ], [ -4.33487139463809, 55.903847072635699 ], [ -4.33443124426993, 55.903711569433398 ], [ -4.33405637369076, 55.903571324781502 ], [ -4.33349119886705, 55.903324081908004 ], [ -4.33288930731628, 55.903025420298498 ], [ -4.33271484550346, 55.902916415099902 ], [ -4.33202816471717, 55.902378470033298 ], [ -4.3317510866411, 55.902185960898997 ], [ -4.33182866682783, 55.902146754583697 ], [ -4.33080255974367, 55.901442723815201 ], [ -4.33013099500871, 55.9012064666192 ], [ -4.32996921053845, 55.901150228920201 ], [ -4.32976690052692, 55.901031863721997 ], [ -4.32795326687931, 55.899970560921503 ], [ -4.32784041292707, 55.899689581141502 ], [ -4.32726529925591, 55.8998362191412 ], [ -4.32558580807141, 55.900266982840698 ], [ -4.32407323750999, 55.900653240055199 ], [ -4.32175531945073, 55.900923492727998 ], [ -4.32160914377961, 55.900940625279702 ], [ -4.3207211538787, 55.901043624831402 ], [ -4.31958525219079, 55.901176448332599 ], [ -4.31944547664196, 55.901192559795398 ], [ -4.31956063444324, 55.901219230292398 ], [ -4.31958322171063, 55.901224196180301 ], [ -4.31975037546296, 55.9012623764281 ], [ -4.31985548223851, 55.901334969351801 ], [ -4.32004011191404, 55.901506783321501 ], [ -4.32013364569225, 55.901626315168002 ], [ -4.3202057249406, 55.901870332295097 ], [ -4.32018091456195, 55.901989399457698 ], [ -4.32001960389547, 55.902289928117703 ], [ -4.31973886924685, 55.902678062122902 ], [ -4.31958189194215, 55.902969522704197 ], [ -4.31951983722413, 55.903028195126304 ], [ -4.31858060907985, 55.903670513102597 ], [ -4.31818279388012, 55.903920684087097 ], [ -4.31794681761681, 55.9040689749812 ], [ -4.31789097546558, 55.9040969809313 ], [ -4.31760518674123, 55.904241629905897 ], [ -4.31735830241571, 55.904421573964001 ], [ -4.3170252786511, 55.9048448310133 ], [ -4.31656127285372, 55.9053280564818 ], [ -4.31611085927041, 55.9059575659168 ], [ -4.3156854834191, 55.906336825271303 ], [ -4.31524255530277, 55.9065832583155 ], [ -4.31465790595576, 55.906813577881799 ], [ -4.3144787170929, 55.9068681625685 ], [ -4.31398418394931, 55.9070258040041 ], [ -4.31364496560358, 55.9070780056975 ], [ -4.31333231170092, 55.907095564872499 ], [ -4.31277483063355, 55.907055731035598 ], [ -4.31224112485575, 55.906987595131497 ], [ -4.3120035773604, 55.906974898922897 ], [ -4.31136123183485, 55.906960912143099 ], [ -4.31078769934869, 55.906948324878002 ], [ -4.30994968880078, 55.906955975823003 ], [ -4.30945766755805, 55.906940954091198 ], [ -4.30923130821122, 55.906901177537797 ], [ -4.30891739395335, 55.9068154242809 ], [ -4.30871497533904, 55.906721198801698 ], [ -4.30845496734611, 55.906572438073198 ], [ -4.3082059235218, 55.906392833242798 ], [ -4.30761830993124, 55.905927572751203 ], [ -4.30736888306141, 55.905794694210798 ], [ -4.30711572640321, 55.905707796983897 ], [ -4.30700389298887, 55.905683838903798 ], [ -4.30680333651385, 55.905674122123301 ], [ -4.30656247314046, 55.9056876227788 ], [ -4.30566774389293, 55.905814906994102 ], [ -4.30497337958693, 55.9058953932295 ], [ -4.3044237223457, 55.905989248861097 ], [ -4.30390084594376, 55.906047558869403 ], [ -4.30367104546233, 55.9060563547839 ], [ -4.30339112683282, 55.906031945719803 ], [ -4.30315167920126, 55.905987012549303 ], [ -4.30254579484511, 55.905779934304 ], [ -4.30204830007148, 55.905645487316797 ], [ -4.30160822680226, 55.905562885128603 ], [ -4.30130967319888, 55.905519952902203 ], [ -4.30095183543988, 55.9055005899422 ], [ -4.30056605952831, 55.9055239771562 ], [ -4.30041965963265, 55.905564450704397 ], [ -4.30031287694099, 55.905625746629802 ], [ -4.30018421851338, 55.905776490718601 ], [ -4.3001802434728, 55.905898757646298 ], [ -4.3002549965581, 55.906080739236103 ], [ -4.30027256403224, 55.906268281871299 ], [ -4.30036599200496, 55.906549554928198 ], [ -4.30053595887598, 55.906826790399698 ], [ -4.30095260194671, 55.907351076482598 ], [ -4.30106223803762, 55.907553968498 ], [ -4.30113515940858, 55.907758355092902 ], [ -4.30120927717393, 55.908172244423703 ], [ -4.30120664399976, 55.908479662184803 ], [ -4.30116578866414, 55.908573867636697 ], [ -4.30108835121201, 55.908669656014503 ], [ -4.30096902446393, 55.908788779679199 ], [ -4.30086898508695, 55.908857137973598 ], [ -4.30064065662165, 55.9089467622968 ], [ -4.30017971860353, 55.9090515182112 ], [ -4.29996409048031, 55.909086097279697 ], [ -4.29907870217939, 55.909156644074997 ], [ -4.29774875267314, 55.909341417838803 ], [ -4.29701203747673, 55.909383027052797 ], [ -4.29662296070748, 55.909431620446497 ], [ -4.29572221337496, 55.909704585867097 ], [ -4.29475367540735, 55.910156797332299 ], [ -4.29458850616584, 55.910259608272 ], [ -4.29452982137503, 55.910295743364102 ], [ -4.29442047996157, 55.910474872092898 ], [ -4.29430737344096, 55.910916424957001 ], [ -4.29423092846706, 55.911112010535497 ], [ -4.29410216844819, 55.911344421002397 ], [ -4.29396808567259, 55.911484477184999 ], [ -4.29387553681578, 55.9115437052955 ], [ -4.29376144866617, 55.9115889587871 ], [ -4.29354590801923, 55.9116253213219 ], [ -4.2931750579907, 55.911632233814203 ], [ -4.29235923224686, 55.911527940398898 ], [ -4.29202145286123, 55.911498293923103 ], [ -4.2915268980391, 55.911467973399198 ], [ -4.29112086071276, 55.911475535060198 ], [ -4.29092895807703, 55.911503366939399 ], [ -4.29069212907073, 55.9115859435 ], [ -4.29056931601485, 55.911646630351498 ], [ -4.29042103950574, 55.911792338244403 ], [ -4.29043932126778, 55.912182923082703 ], [ -4.29091950851737, 55.912891144699699 ], [ -4.2909264955324, 55.912899999211298 ], [ -4.29197636799159, 55.914313960253203 ], [ -4.29424108637183, 55.914672562765404 ], [ -4.29607903463992, 55.914982483826499 ], [ -4.30126404651811, 55.916363160938801 ], [ -4.30038021979705, 55.917409609493298 ], [ -4.30021185531642, 55.917890924673102 ], [ -4.29966183986375, 55.919033553412 ], [ -4.29955190602512, 55.9207180011663 ], [ -4.29912477948494, 55.920747635483004 ], [ -4.29886081484708, 55.922534690075601 ], [ -4.29876632403397, 55.923263590709603 ], [ -4.2984735951319, 55.925510480612203 ], [ -4.29819409174589, 55.928090544898197 ], [ -4.29804968016659, 55.9291671862103 ], [ -4.29653657836132, 55.928619330010001 ], [ -4.29624189826076, 55.928537677017701 ], [ -4.29588535989051, 55.928463466655998 ], [ -4.29510100176832, 55.928437664741402 ], [ -4.29489127858709, 55.928411027918301 ], [ -4.29032013930826, 55.928071925002698 ], [ -4.28788175631036, 55.9279034440464 ], [ -4.28582022369951, 55.927743998716402 ], [ -4.28426514267771, 55.927595784942 ], [ -4.2830530416681, 55.927673172942697 ], [ -4.28300520926457, 55.927676756464002 ], [ -4.28265123792146, 55.927699494112503 ], [ -4.28231002678588, 55.927696837852501 ], [ -4.28197865422868, 55.927724545917798 ], [ -4.28174761216013, 55.927768362965601 ], [ -4.28155754657052, 55.927831185598002 ], [ -4.28037261145226, 55.9282880956996 ], [ -4.27926122906954, 55.928554954388702 ], [ -4.27897224569123, 55.928594447763302 ], [ -4.27825157488437, 55.928589821816999 ], [ -4.27795702667152, 55.928617735978797 ], [ -4.27785993322748, 55.928654572597601 ], [ -4.27759369994651, 55.928809634690097 ], [ -4.2775437487788, 55.928885131717102 ], [ -4.27756322769129, 55.928971922401999 ], [ -4.27761254020248, 55.929020515170798 ], [ -4.27793953520208, 55.929192360383503 ], [ -4.27802201214664, 55.929342764144003 ], [ -4.27799126193482, 55.929390053549298 ], [ -4.27789959598218, 55.929438471344803 ], [ -4.27773003342806, 55.929495516974001 ], [ -4.27731673522421, 55.929517541415102 ], [ -4.27634386133025, 55.929635359347401 ], [ -4.27611333635503, 55.929634232424398 ], [ -4.27581081732699, 55.9296073919772 ], [ -4.27508293342152, 55.929398928653697 ], [ -4.27415379228035, 55.9292246379622 ], [ -4.27366460514536, 55.9290980077404 ], [ -4.27335989064398, 55.929006512617597 ], [ -4.27280628138036, 55.928793917961499 ], [ -4.27215364765571, 55.928610012893898 ], [ -4.27181111751192, 55.928447334923902 ], [ -4.27152189396261, 55.928263995476897 ], [ -4.27127771588282, 55.928139931592298 ], [ -4.27114074012215, 55.928097535853603 ], [ -4.27077551946349, 55.928038687248701 ], [ -4.2704795523067, 55.928042351337801 ], [ -4.2703025007518, 55.928079759234997 ], [ -4.2702010998111, 55.928126553382697 ], [ -4.26993942057904, 55.928305772113298 ], [ -4.26971941284186, 55.928430224634297 ], [ -4.26938100957959, 55.928556948977501 ], [ -4.26903591175405, 55.928650463947797 ], [ -4.26885055965006, 55.928656576426597 ], [ -4.2685773179775, 55.9285816495915 ], [ -4.26838329116343, 55.928493492434797 ], [ -4.26747912659956, 55.927923366655897 ], [ -4.26734653179322, 55.927790949939002 ], [ -4.26715697635302, 55.927532899351803 ], [ -4.26709414723174, 55.927279701116397 ], [ -4.2671379540542, 55.927180062440101 ], [ -4.26725353442236, 55.927159065352598 ], [ -4.26744397327147, 55.927213058826197 ], [ -4.26764395149898, 55.927211170680998 ], [ -4.26777608839679, 55.927197954735398 ], [ -4.26787272622235, 55.9271260932817 ], [ -4.26796004771091, 55.927003191497498 ], [ -4.26793471310932, 55.9265695193358 ], [ -4.26814333467982, 55.926496492629099 ], [ -4.26827854513426, 55.926427513927202 ], [ -4.26833276371425, 55.926314116648697 ], [ -4.26831582610798, 55.926024223866101 ], [ -4.26815749152993, 55.925670271682499 ], [ -4.26814936435333, 55.9255311588837 ], [ -4.26821311823838, 55.925361881215601 ], [ -4.26845255548849, 55.9251319529737 ], [ -4.26915220260389, 55.924586083244201 ], [ -4.26937247382599, 55.924385167700699 ], [ -4.26949241287546, 55.924217638308498 ], [ -4.26960110280941, 55.923995419497999 ], [ -4.26974559223861, 55.923701561765498 ], [ -4.2698654205421, 55.923342569827398 ], [ -4.26986325641149, 55.923170104153897 ], [ -4.26982254157564, 55.922992869126297 ], [ -4.26961493631339, 55.922726169682697 ], [ -4.26929874943931, 55.922410260293397 ], [ -4.26894126198487, 55.922071751104198 ], [ -4.26880377152248, 55.921884619365102 ], [ -4.26876143457724, 55.921706605074498 ], [ -4.26905660427852, 55.921197841350498 ], [ -4.26913720504175, 55.921016661510897 ], [ -4.26911121421021, 55.920899352187803 ], [ -4.26883679057025, 55.920475754000599 ], [ -4.26879293613593, 55.920328225441899 ], [ -4.26879447568282, 55.920216786714001 ], [ -4.26608056004742, 55.919843526930201 ], [ -4.26437431738691, 55.919153198664397 ], [ -4.26370548127918, 55.918882487701602 ], [ -4.26338957156667, 55.9185971063106 ], [ -4.2636790536533, 55.918537783274999 ], [ -4.26364219750286, 55.918482756622602 ], [ -4.26362831412257, 55.918464144224899 ], [ -4.26035470657942, 55.913089771639697 ], [ -4.26025223005235, 55.912922652798102 ], [ -4.25965888209715, 55.913094465540198 ], [ -4.25619827835274, 55.914095339439001 ], [ -4.25559111417658, 55.9131187877081 ], [ -4.2555505848718, 55.913054751647699 ], [ -4.25398913860809, 55.912370702605301 ], [ -4.25174674681672, 55.9114231792677 ], [ -4.25134060861316, 55.911235554385001 ], [ -4.25108487282398, 55.911018312788002 ], [ -4.25237309944748, 55.910332389016702 ], [ -4.25313460510689, 55.9098870030748 ], [ -4.25301756524071, 55.909800197922998 ], [ -4.25164457511412, 55.908777451869199 ], [ -4.25124786407942, 55.908779320648399 ], [ -4.24939361213265, 55.909030661601797 ], [ -4.24950765989177, 55.908182041944201 ], [ -4.24866365740117, 55.907393968645998 ], [ -4.24862352016894, 55.907391108162599 ], [ -4.24914931969265, 55.9065249874727 ], [ -4.24893627523141, 55.906326725704197 ], [ -4.24872567136957, 55.906170557541898 ], [ -4.24676012893689, 55.9036657729065 ], [ -4.24626512353564, 55.903545430891 ], [ -4.24606578567784, 55.903611064010597 ], [ -4.2458550639018, 55.9036463568698 ], [ -4.24557641836172, 55.9037251174978 ], [ -4.24121869977002, 55.904226131628 ], [ -4.24117192341024, 55.9043024551342 ], [ -4.2412007106815, 55.904524751225502 ], [ -4.24114175537647, 55.904584316009903 ], [ -4.24103841053064, 55.904622136612602 ], [ -4.24094263795309, 55.904626576211299 ], [ -4.2377012590978, 55.904763734633299 ], [ -4.23755463541628, 55.903995334755002 ], [ -4.23746039273254, 55.903998845093902 ], [ -4.23719975234952, 55.902750758016303 ], [ -4.23719970069533, 55.902749861127099 ], [ -4.23706981966739, 55.902077202098504 ], [ -4.23734636648384, 55.902019164210003 ], [ -4.23766255412759, 55.901953216777898 ], [ -4.23767217282266, 55.901953041851797 ], [ -4.2376737015843, 55.901952115322402 ], [ -4.23819214954805, 55.901898660633499 ], [ -4.23821908561322, 55.901894576644999 ], [ -4.23827951731388, 55.901888086779699 ], [ -4.23833644694336, 55.901878066582597 ], [ -4.23836499268065, 55.901872156724203 ], [ -4.23857797246744, 55.901793708385 ], [ -4.23862189128747, 55.9017776354736 ], [ -4.23867625744879, 55.901750590435199 ], [ -4.23870088364813, 55.901733880807498 ], [ -4.2386538145515, 55.901665554970897 ], [ -4.23830225117587, 55.901698904561698 ], [ -4.23807515553402, 55.901674284312001 ], [ -4.23777712278446, 55.901553919109404 ], [ -4.23759338942231, 55.901418806190499 ], [ -4.23711252966262, 55.900597184253201 ], [ -4.23656149057605, 55.899582584818504 ], [ -4.23650650465575, 55.8994613920107 ], [ -4.23645819676616, 55.899233968292101 ], [ -4.23641503950424, 55.898484347846697 ], [ -4.23636488285648, 55.898307272209898 ], [ -4.23580212371134, 55.897729808043202 ], [ -4.23580692099294, 55.8977008797102 ], [ -4.23557229637691, 55.897487712208203 ], [ -4.23635858978936, 55.896837124435102 ], [ -4.23480580126193, 55.896731376314897 ], [ -4.23166099855943, 55.896562041318198 ], [ -4.23151986121746, 55.896554717841802 ], [ -4.23151177409734, 55.896553965785998 ], [ -4.23109555779171, 55.8965470488113 ], [ -4.22819912914587, 55.896384801428901 ], [ -4.22809899279661, 55.896395599424999 ], [ -4.22799368634817, 55.896428952882502 ], [ -4.22784874499413, 55.8962724584227 ], [ -4.22596010877796, 55.896083820633997 ], [ -4.22617467855164, 55.8967306113449 ], [ -4.22162836944151, 55.897224373510198 ], [ -4.21759354093432, 55.897630581369398 ], [ -4.21755693649808, 55.897633936375499 ], [ -4.21658539491846, 55.897734102017097 ], [ -4.21656248495465, 55.897725530183003 ], [ -4.21648407632662, 55.897416881542298 ], [ -4.21604792389125, 55.897453578763702 ], [ -4.21606556771564, 55.897538614718201 ], [ -4.21600034499718, 55.897544282149397 ], [ -4.2160033076413, 55.897568487182603 ], [ -4.21520029218791, 55.897652129248797 ], [ -4.21520289146193, 55.897642199172502 ], [ -4.2148875872799, 55.897665845471401 ], [ -4.21488316819711, 55.897646158463402 ], [ -4.21483210079601, 55.897647976456 ], [ -4.21482924119245, 55.8976255660981 ], [ -4.21446199966437, 55.897635770206598 ], [ -4.21425245099364, 55.897663799834902 ], [ -4.21414606243237, 55.897537233569601 ], [ -4.21385409236584, 55.8975514718651 ], [ -4.21391433144969, 55.897624960560201 ], [ -4.21381836761077, 55.8976257885137 ], [ -4.21381555815688, 55.897604275960099 ], [ -4.21375324147228, 55.897605397183597 ], [ -4.21375278636683, 55.897625171923799 ], [ -4.21343765212184, 55.897626348717701 ], [ -4.21337792912735, 55.897420685860098 ], [ -4.21314840867132, 55.897433799059399 ], [ -4.21287649577128, 55.897265286198703 ], [ -4.21254322785021, 55.897480622182201 ], [ -4.21234528041088, 55.897459923199399 ], [ -4.21181568343425, 55.897511672033197 ], [ -4.21167622418447, 55.8974503883708 ], [ -4.21152360283552, 55.897440553136398 ], [ -4.21144648755055, 55.8973484979212 ], [ -4.21127554002595, 55.897211319897302 ], [ -4.21067827738634, 55.897341638502098 ], [ -4.21083900500684, 55.8976074816768 ], [ -4.20906345300656, 55.8974380270921 ], [ -4.20686098262911, 55.897495519565403 ], [ -4.20422774868068, 55.897798873351803 ], [ -4.20223140219974, 55.898107844073898 ], [ -4.20170174409194, 55.898217052284998 ], [ -4.20150083058994, 55.898255687526103 ], [ -4.20074120079846, 55.898400542240303 ], [ -4.20021688755017, 55.8982642785029 ], [ -4.20006055615001, 55.898046860117702 ], [ -4.19986942372363, 55.898060250661302 ], [ -4.19906606114533, 55.8981105495292 ], [ -4.19900858736277, 55.898113374163302 ], [ -4.19886989378481, 55.898007048212698 ], [ -4.19884081819059, 55.898115473715997 ], [ -4.19883599368743, 55.898116458654897 ], [ -4.19843248597295, 55.898250351830598 ], [ -4.1983193016338, 55.898256866795499 ], [ -4.19801370217619, 55.898368344957298 ], [ -4.19783529655223, 55.898352664104202 ], [ -4.19762817523613, 55.898423838727503 ], [ -4.19740549125362, 55.8983621381972 ], [ -4.19722268026235, 55.898522724020502 ], [ -4.19716997953362, 55.898523665112002 ], [ -4.19704571063554, 55.898476467947297 ], [ -4.19694061139938, 55.8985699880472 ], [ -4.196891876658, 55.898613086411601 ], [ -4.1968873369416, 55.898616761452701 ], [ -4.19687669670511, 55.898626833767501 ], [ -4.19712061211125, 55.898725801767597 ], [ -4.19702412044553, 55.898801289072701 ], [ -4.19690799016184, 55.8987557438846 ], [ -4.19690622636412, 55.8987548766559 ], [ -4.19690301325842, 55.898754036203101 ], [ -4.19689980010208, 55.898753194852397 ], [ -4.19689816893615, 55.8987523252556 ], [ -4.19689500655357, 55.898752381719198 ], [ -4.19689324280706, 55.898751515388199 ], [ -4.19689008202251, 55.898751571823198 ], [ -4.19688850003226, 55.898751600069197 ], [ -4.19688686886665, 55.898750730472202 ], [ -4.19688370648418, 55.898750786935601 ], [ -4.19688199346044, 55.898750817521098 ], [ -4.19687883107795, 55.898750873984298 ], [ -4.19687725068568, 55.898750902201598 ], [ -4.19687566869545, 55.898750930447498 ], [ -4.19687250791092, 55.898750986882 ], [ -4.1968676325046, 55.898751073930299 ], [ -4.19686452089488, 55.898752028207703 ], [ -4.19686135851226, 55.898752084670498 ], [ -4.19685824685153, 55.898753038049897 ], [ -4.19685495343527, 55.898753096852097 ], [ -4.19685342381546, 55.898754022883701 ], [ -4.1968518925976, 55.898754948943697 ], [ -4.19685031220515, 55.898754977160699 ], [ -4.19684720054391, 55.898755930539799 ], [ -4.1968456709238, 55.898756856571303 ], [ -4.19684395789973, 55.898756887156203 ], [ -4.19684242827951, 55.898757813187601 ], [ -4.19684089706123, 55.898758739247498 ], [ -4.19683936739009, 55.898759664381103 ], [ -4.19683783617167, 55.898760590441 ], [ -4.19683477528182, 55.898762441634297 ], [ -4.19677302707955, 55.898803975749303 ], [ -4.19676976474904, 55.8988022365521 ], [ -4.19674522725913, 55.898792791401 ], [ -4.19665526591486, 55.898757560721499 ], [ -4.19670369150817, 55.898708987574203 ], [ -4.1967068326645, 55.898706236230097 ], [ -4.19670678189541, 55.898705338415503 ], [ -4.19670831316563, 55.898704413254997 ], [ -4.19670984278702, 55.898703487225298 ], [ -4.19670974124871, 55.898701691596102 ], [ -4.19671127092075, 55.898700766464103 ], [ -4.19671275137067, 55.898698942591203 ], [ -4.19671270065223, 55.898698045674401 ], [ -4.19671259911382, 55.898696250045198 ], [ -4.19671407801633, 55.898694427098597 ], [ -4.1967140272471, 55.898693529284003 ], [ -4.19671397647787, 55.898692631469402 ], [ -4.19671545697814, 55.898690808494301 ], [ -4.19671540620888, 55.8986899106797 ], [ -4.19671530472114, 55.898688115948303 ], [ -4.19671520318264, 55.898686320319001 ], [ -4.19671510169493, 55.898684525587598 ], [ -4.19671346893802, 55.8986836560168 ], [ -4.19671341816883, 55.898682758202199 ], [ -4.1967133166812, 55.898680963470802 ], [ -4.19671326591201, 55.898680065656201 ], [ -4.19671158403491, 55.898678299139902 ], [ -4.19671148249662, 55.8986765035107 ], [ -4.19670984979091, 55.898675634837602 ], [ -4.19670979902181, 55.898674737023001 ], [ -4.19670811714511, 55.898672970506702 ], [ -4.19670648598682, 55.898672100907199 ], [ -4.19670480246164, 55.898670333521601 ], [ -4.19670475174343, 55.898669436604798 ], [ -4.19670298795413, 55.8986685693731 ], [ -4.19670135679614, 55.898667699773597 ], [ -4.19669967492012, 55.898665933257099 ], [ -4.19669804216436, 55.898665063686103 ], [ -4.19669641100661, 55.8986641940864 ], [ -4.19669477830175, 55.898663325413096 ], [ -4.19669314714415, 55.898662455813401 ], [ -4.19669151438867, 55.898661586242198 ], [ -4.19668817026198, 55.898660748123099 ], [ -4.19668653910463, 55.898659878523297 ], [ -4.19668332596066, 55.898659037166802 ], [ -4.19668169485428, 55.898658168464799 ], [ -4.19667848171055, 55.898657327108197 ], [ -4.19667676869067, 55.898657357690801 ], [ -4.1966051234007, 55.898633479756903 ], [ -4.19658716298518, 55.898628409864401 ], [ -4.19656622514551, 55.898624290945001 ], [ -4.19654673506642, 55.898620146176697 ], [ -4.19652571541974, 55.898616928330597 ], [ -4.1965048267588, 55.898613707243904 ], [ -4.1964646002767, 55.898609033918603 ], [ -4.19645493141572, 55.898608308697803 ], [ -4.19644526410226, 55.8986075825499 ], [ -4.19643559519118, 55.898606856429701 ], [ -4.1964260573643, 55.898606128867499 ], [ -4.19641156542441, 55.898606387562197 ], [ -4.19640366029402, 55.898606528675501 ], [ -4.19639404214558, 55.898606700366798 ], [ -4.19638600438396, 55.898606843846501 ], [ -4.19635580365268, 55.898609179489199 ], [ -4.19634934787539, 55.8986092947274 ], [ -4.19634460351825, 55.898609379415802 ], [ -4.19633991151948, 55.898610361890398 ], [ -4.19633034407915, 55.898611430493801 ], [ -4.19632546868855, 55.8986115175205 ], [ -4.19632077668903, 55.8986124999944 ], [ -4.19631126005815, 55.898614467309002 ], [ -4.19630820075218, 55.898616318460903 ], [ -4.19630508913907, 55.898617272724202 ], [ -4.19630184484393, 55.898618228457103 ], [ -4.19629873482847, 55.898619182691696 ], [ -4.19629567397432, 55.898621034769597 ], [ -4.19629256230976, 55.898621988134799 ], [ -4.1962910834408, 55.898623811974304 ], [ -4.19628783914477, 55.898624767706799 ], [ -4.196283248661, 55.898627545808999 ], [ -4.1962802385138, 55.898630294803702 ], [ -4.1962787088341, 55.898631219930301 ], [ -4.19627551694487, 55.898633074346698 ], [ -4.19627408718494, 55.898635795131597 ], [ -4.19627102627757, 55.898637646311101 ], [ -4.19626959816587, 55.898640367965299 ], [ -4.19626811924439, 55.898642190906699 ], [ -4.19626497646381, 55.898644942268398 ], [ -4.19626354830068, 55.898647663024697 ], [ -4.19626053815056, 55.898650412018903 ], [ -4.1962591607456, 55.898654030590002 ], [ -4.19625773098378, 55.898656751374801 ], [ -4.19624724284741, 55.898669517081402 ], [ -4.19624134524849, 55.898679505584496 ], [ -4.19622815144234, 55.898700406274898 ], [ -4.19622248633257, 55.898712187170197 ], [ -4.19621801848808, 55.898719454887903 ], [ -4.19618643704833, 55.898725409117603 ], [ -4.1960767153274, 55.898765192857702 ], [ -4.19604056443614, 55.898776619133201 ], [ -4.1960356399189, 55.898775809202803 ], [ -4.19602926439269, 55.898775024270797 ], [ -4.19602275783303, 55.898774241677103 ], [ -4.19601796435014, 55.898773429407399 ], [ -4.19600987579892, 55.898772675047802 ], [ -4.19600508226573, 55.898771861879801 ], [ -4.19595845067289, 55.898768202323097 ], [ -4.19593105541863, 55.898764198541897 ], [ -4.19591491110194, 55.898760892682702 ], [ -4.19590197832571, 55.898758428226998 ], [ -4.19589057679219, 55.8987550377215 ], [ -4.19588075057899, 55.898751529229003 ], [ -4.19587098019244, 55.898749008332302 ], [ -4.1958613424387, 55.898746485067797 ], [ -4.19581598684063, 55.898737411259397 ], [ -4.19580631950567, 55.8987366850615 ], [ -4.19580152443374, 55.898735872811798 ], [ -4.19579506863304, 55.898735988021102 ], [ -4.19579027510866, 55.898735174844603 ], [ -4.19578228966306, 55.898736216071804 ], [ -4.1957759648958, 55.898736328941702 ], [ -4.19576639740794, 55.898737397501797 ], [ -4.19572698267239, 55.898747086285603 ], [ -4.19569537313718, 55.898754837432598 ], [ -4.19537225174018, 55.898838859222103 ], [ -4.19535202607903, 55.898905706553698 ], [ -4.1951503416581, 55.898930867885298 ], [ -4.19508316455911, 55.898876361839498 ], [ -4.19503972488695, 55.898870847548999 ], [ -4.19490496053203, 55.8988642671154 ], [ -4.19484544844914, 55.898859039464298 ], [ -4.19477145282876, 55.8988495774311 ], [ -4.19476968912428, 55.898848711069199 ], [ -4.19460863423754, 55.898827324610998 ], [ -4.19458603263463, 55.898824134649999 ], [ -4.19457473258279, 55.898822538755901 ], [ -4.19456348325172, 55.898821840676597 ], [ -4.19455060125663, 55.898820273894202 ], [ -4.19453940264589, 55.898820473628703 ], [ -4.19452657132045, 55.898819803761903 ], [ -4.19451537270966, 55.898820003494201 ], [ -4.19450417250075, 55.898820203253997 ], [ -4.19449139349208, 55.898820431171004 ], [ -4.19448823109888, 55.898820487572898 ], [ -4.1944802440008, 55.898821528744499 ], [ -4.1944674649915, 55.898821756658997 ], [ -4.19445636616578, 55.898823751148598 ], [ -4.19444521827047, 55.898824848690602 ], [ -4.19443253909548, 55.898826872261999 ], [ -4.19442157449641, 55.898828864354499 ], [ -4.19440254087795, 55.898832797794199 ], [ -4.19439149276155, 55.898835690094003 ], [ -4.19438044624145, 55.898838582364398 ], [ -4.19437103083375, 55.8988423442647 ], [ -4.19436003502541, 55.898846134349299 ], [ -4.19435075224595, 55.898849893882598 ], [ -4.19434128611781, 55.898852757964598 ], [ -4.19432886039919, 55.898859268810099 ], [ -4.19431643467641, 55.8988657796545 ], [ -4.1942947472147, 55.8988787449141 ], [ -4.19428538245175, 55.898883403726202 ], [ -4.19434110473907, 55.898933622678101 ], [ -4.19433046380369, 55.898943695676998 ], [ -4.19423614982093, 55.899029833083702 ], [ -4.19412704775035, 55.8990245906962 ], [ -4.19411472336097, 55.899032897153099 ], [ -4.19409785888412, 55.899044877651797 ], [ -4.1940855344314, 55.899053183208103 ], [ -4.19404537065728, 55.899079955098898 ], [ -4.19404236031632, 55.899082704040403 ], [ -4.19404088132419, 55.899084527853901 ], [ -4.19403940068321, 55.899086350798001 ], [ -4.1940379216908, 55.899088174611499 ], [ -4.19403631001464, 55.899089999892098 ], [ -4.19403482937325, 55.899091822836198 ], [ -4.19403498149778, 55.899094516284897 ], [ -4.19403350245416, 55.899096339200497 ], [ -4.19403355316232, 55.899097237016697 ], [ -4.19403360381976, 55.899098133935098 ], [ -4.19403365452792, 55.899099031751298 ], [ -4.1940337103069, 55.899100019349198 ], [ -4.19392637166707, 55.899154043807997 ], [ -4.19390157059995, 55.899167963232898 ], [ -4.19389682776491, 55.899168047799201 ], [ -4.19389361463715, 55.899167206369803 ], [ -4.19389190318963, 55.899167236885297 ], [ -4.19389032117931, 55.899167265092998 ], [ -4.19388874076698, 55.8991672932721 ], [ -4.19388557834432, 55.899167349658804 ], [ -4.19388399793197, 55.899167377837898 ], [ -4.19388241592165, 55.8991674060454 ], [ -4.19388088621406, 55.899168332040801 ], [ -4.19387759115811, 55.899168390792099 ], [ -4.19387448103795, 55.899169344966303 ], [ -4.19386501479666, 55.899172209012598 ], [ -4.19385401724744, 55.899175999081599 ], [ -4.19385090707537, 55.899176952357401 ], [ -4.19383054468403, 55.899185402101502 ], [ -4.19381179552212, 55.899192025638101 ], [ -4.19378652907933, 55.899225718893398 ], [ -4.19371392258973, 55.8992431858738 ], [ -4.19364748724954, 55.899257847527799 ], [ -4.19362376114189, 55.899262762324597 ], [ -4.19355577500739, 55.899275655034302 ], [ -4.19347334724938, 55.899289702976702 ], [ -4.19347008342485, 55.899287963719701 ], [ -4.19346687029605, 55.899287122279198 ], [ -4.19342264051792, 55.899269941732399 ], [ -4.1933781285877, 55.8992734304747 ], [ -4.19333669554264, 55.899277763037901 ], [ -4.19332406839943, 55.899280683387197 ], [ -4.19331483450912, 55.899285340689097 ], [ -4.19330705154617, 55.8992899712282 ], [ -4.19330399049569, 55.899291823233398 ], [ -4.19317126138836, 55.899293290397502 ], [ -4.19313756219334, 55.899292094518103 ], [ -4.19313751150549, 55.899291196701299 ], [ -4.19313746081764, 55.899290298884601 ], [ -4.1931358297624, 55.899289430135198 ], [ -4.1931357790746, 55.899288532318401 ], [ -4.19313572838679, 55.899287634501697 ], [ -4.19313409568301, 55.899286764882902 ], [ -4.19313399435817, 55.8992849701472 ], [ -4.19313236325255, 55.899284100499898 ], [ -4.19313073219769, 55.899283231750402 ], [ -4.1931290994942, 55.899282362131601 ], [ -4.19312570464981, 55.899280625200902 ], [ -4.19312407199725, 55.8992797564798 ], [ -4.19312244089205, 55.899278886832398 ], [ -4.19312080978694, 55.899278017184898 ], [ -4.19311917713458, 55.899277148463803 ], [ -4.19311596401404, 55.899276307013999 ], [ -4.19311425256083, 55.899276337518799 ], [ -4.19311098875326, 55.899274598252099 ], [ -4.19310777568379, 55.899273757700001 ], [ -4.19310456256377, 55.899272916249899 ], [ -4.19310298214632, 55.899272944419003 ], [ -4.19309963639284, 55.899272105332798 ], [ -4.19309642492182, 55.899271264751903 ], [ -4.19309484290643, 55.8992712929494 ], [ -4.19308675590118, 55.899270538369699 ], [ -4.19301918453229, 55.899262758216302 ], [ -4.19294184440679, 55.899252455969602 ], [ -4.19286578080067, 55.899236741299902 ], [ -4.19283976485705, 55.899229118266597 ], [ -4.19283833488561, 55.8992318399116 ], [ -4.19270275679631, 55.899409456161798 ], [ -4.19265250787878, 55.899397773127497 ], [ -4.19256019685113, 55.899376956375903 ], [ -4.19258094358754, 55.899349633165798 ], [ -4.19243085419343, 55.899326251908299 ], [ -4.19238496271374, 55.8993333588528 ], [ -4.19229647290339, 55.899324153584999 ], [ -4.19229521576415, 55.899332262666697 ], [ -4.1922847159817, 55.899372880461797 ], [ -4.192278340428, 55.8993720953357 ], [ -4.19218634428097, 55.899387211610403 ], [ -4.19218639494706, 55.899388109427697 ], [ -4.19218836123359, 55.899392566198301 ], [ -4.19218861451368, 55.899397054387101 ], [ -4.19219054949925, 55.899403309155403 ], [ -4.19219233413531, 55.899406871340901 ], [ -4.1921957482134, 55.899411302316999 ], [ -4.19219758351674, 55.899415762319798 ], [ -4.19220099919422, 55.899420193267197 ], [ -4.19220449529278, 55.8994237249604 ], [ -4.19220791102244, 55.899428156805499 ], [ -4.19221295779389, 55.899433457412201 ], [ -4.1920568876106, 55.899444323728197 ], [ -4.19200586720143, 55.899447030100099 ], [ -4.1919787251078, 55.899447513629703 ], [ -4.19195140131625, 55.899447101670098 ], [ -4.19192104611192, 55.899446743706598 ], [ -4.19188255327901, 55.899444734157299 ], [ -4.19185683968538, 55.8994424969517 ], [ -4.19185561376836, 55.899448808031899 ], [ -4.19163093256523, 55.899494229519298 ], [ -4.19162190962386, 55.899533024404299 ], [ -4.19155770463064, 55.899528776568197 ], [ -4.19148870456687, 55.899523716280797 ], [ -4.19140041711056, 55.899518101642201 ], [ -4.19135694901312, 55.899514383097298 ], [ -4.19126861094947, 55.899507870545897 ], [ -4.19119580024408, 55.899521745681497 ], [ -4.19107872693121, 55.899543596040999 ], [ -4.19103749742994, 55.899551518180701 ], [ -4.19084894193198, 55.899582727859197 ], [ -4.19093079563249, 55.899785311225799 ], [ -4.19093247894688, 55.899787078692 ], [ -4.19119450042994, 55.900433977499098 ], [ -4.19120727069581, 55.900461602309598 ], [ -4.19122161985117, 55.900489199001598 ], [ -4.19123750209736, 55.900515870569201 ], [ -4.19108805451232, 55.900532008193998 ], [ -4.19093539366805, 55.900547305029903 ], [ -4.19096072987078, 55.9005989652564 ], [ -4.19070841995414, 55.900975510481999 ], [ -4.1904259607428, 55.901102819709003 ], [ -4.19005935737586, 55.901239622744001 ], [ -4.18945409927843, 55.901370788198797 ], [ -4.18939381640397, 55.901380036481903 ], [ -4.18939065379173, 55.901380092754501 ], [ -4.18923926748973, 55.901389974245703 ], [ -4.18824288071247, 55.901592780834797 ], [ -4.18797080166177, 55.9016470342575 ], [ -4.18766863826751, 55.901708111176298 ], [ -4.18743302214829, 55.901756414470299 ], [ -4.18709148746693, 55.9018280730592 ], [ -4.18473209216698, 55.9023130180123 ], [ -4.1842904851208, 55.902397227321202 ], [ -4.18394653810937, 55.902482486868202 ], [ -4.18353117801547, 55.902606657266098 ], [ -4.18292497315504, 55.902836727767799 ], [ -4.18265262543632, 55.902886481292398 ], [ -4.18244891197825, 55.902962869972399 ], [ -4.18231255011797, 55.903040759102403 ], [ -4.1821543286276, 55.9031568609389 ], [ -4.18193789481879, 55.903290975147598 ], [ -4.18164507193928, 55.903546928024198 ], [ -4.1813549682239, 55.903820800003501 ], [ -4.18113195045712, 55.904065630028903 ], [ -4.18090418173032, 55.9043410022283 ], [ -4.18082096159777, 55.904453975522699 ], [ -4.1807626263673, 55.904613138565701 ], [ -4.18064226837789, 55.904748333681702 ], [ -4.18041608141808, 55.904908673473898 ], [ -4.18032795440881, 55.904877890156598 ], [ -4.18024176109216, 55.904822814358397 ], [ -4.17974279155784, 55.904285210890599 ], [ -4.1794699586616, 55.903785918318498 ], [ -4.17933074259404, 55.903528639621001 ], [ -4.17933471479791, 55.903427851902002 ], [ -4.1793994713414, 55.903354827450698 ], [ -4.18006810806525, 55.903127353288198 ], [ -4.18012678221377, 55.903089387288901 ], [ -4.18014686618956, 55.903047702166802 ], [ -4.18010551744942, 55.902966674885803 ], [ -4.17965779752564, 55.902514505592997 ], [ -4.17945368563958, 55.902040859220499 ], [ -4.17767496490293, 55.902643950695698 ], [ -4.17749940956428, 55.900368833797501 ], [ -4.17549814239098, 55.898537594387101 ], [ -4.17480176842495, 55.8980142427868 ], [ -4.17365966056934, 55.897955360702603 ], [ -4.17340281401405, 55.897195039104503 ], [ -4.17334150141739, 55.897013734832598 ], [ -4.17079648737475, 55.897039794663897 ], [ -4.17058669097113, 55.896948170003903 ], [ -4.16916187992469, 55.896582377351599 ], [ -4.16891768241346, 55.896564220620903 ], [ -4.16838223846611, 55.896570962810102 ], [ -4.16838507123764, 55.896593374477398 ], [ -4.1681826562339, 55.8965771751853 ], [ -4.16754724990072, 55.8966548564511 ], [ -4.16661950100357, 55.896797070512399 ], [ -4.16266475178795, 55.897731140483202 ], [ -4.16151341110107, 55.897967989288198 ], [ -4.16141126561936, 55.897395490450698 ], [ -4.16126763638896, 55.896596410372297 ], [ -4.16310588451539, 55.896231588426197 ], [ -4.16247608762197, 55.894829835553402 ], [ -4.1602622915085, 55.890080399379002 ], [ -4.16212549367823, 55.889996457212703 ], [ -4.16324926899641, 55.889614535073299 ], [ -4.16162046967114, 55.887673115604798 ], [ -4.16614781717089, 55.886846685597099 ], [ -4.16656815119704, 55.8867853761395 ], [ -4.16656428920995, 55.886772865722499 ], [ -4.16967403072786, 55.886221032786402 ], [ -4.16898687070007, 55.885970710191998 ], [ -4.16637544454198, 55.884789968366697 ], [ -4.16438121987479, 55.883579446485001 ], [ -4.16428234686156, 55.883612632090198 ], [ -4.16297960631033, 55.884051711014997 ], [ -4.162660205809, 55.884173227508001 ], [ -4.15987584954447, 55.885286277727403 ], [ -4.15841802600031, 55.885868997699802 ], [ -4.15654885938506, 55.883796153760002 ], [ -4.15637985988117, 55.883862906976397 ], [ -4.15552557653262, 55.884288563014302 ], [ -4.1550739974885, 55.884478052589202 ], [ -4.15490653049564, 55.884484580130902 ], [ -4.15431880028231, 55.884353726362598 ], [ -4.15408247231812, 55.884330911384303 ], [ -4.15384799508646, 55.884370056808798 ], [ -4.15357200573292, 55.884466620236203 ], [ -4.15334408862448, 55.8844813917745 ], [ -4.15310363512116, 55.884526929567301 ], [ -4.15289394983975, 55.884611460134202 ], [ -4.15288966714868, 55.884648371541097 ], [ -4.15298112224438, 55.884857099576998 ], [ -4.15298037923449, 55.884986490438202 ], [ -4.15283809792071, 55.885247825979903 ], [ -4.15264682942563, 55.885403101319802 ], [ -4.15257350169236, 55.885552629810398 ], [ -4.15249625343461, 55.885917047114397 ], [ -4.152455177975, 55.886503739218703 ], [ -4.15241650749327, 55.8866149260326 ], [ -4.15231441803577, 55.8867641486789 ], [ -4.1521102692297, 55.886946512720598 ], [ -4.15192016320403, 55.8870658287236 ], [ -4.15165923728053, 55.8871467606089 ], [ -4.15087166438887, 55.887305272355697 ], [ -4.1508724329387, 55.887145244069998 ], [ -4.15074588997013, 55.886969472276597 ], [ -4.1506093599547, 55.886899083584403 ], [ -4.15054372106554, 55.886811283438902 ], [ -4.15044667220161, 55.886734814060603 ], [ -4.15028771074048, 55.886692669944701 ], [ -4.15023268569643, 55.886651313851097 ], [ -4.15010083270884, 55.886639243007501 ], [ -4.14994729222761, 55.886552079804197 ], [ -4.14968595959705, 55.886191783830597 ], [ -4.14966305521047, 55.886125698150998 ], [ -4.14966629521664, 55.8859530483508 ], [ -4.14953085422277, 55.885873655065197 ], [ -4.14953395737078, 55.885843951439 ], [ -4.14960061935121, 55.885776301030397 ], [ -4.14959207558607, 55.885738625288603 ], [ -4.14944853509191, 55.885600974198901 ], [ -4.14926664994706, 55.885578095941099 ], [ -4.14921410589208, 55.885552959176302 ], [ -4.14909064605806, 55.885404085215903 ], [ -4.14895095769871, 55.8850165054358 ], [ -4.14896623395282, 55.8849470575664 ], [ -4.14902268491663, 55.884868804841503 ], [ -4.14902726771821, 55.8847203896485 ], [ -4.14881158896641, 55.884520207205199 ], [ -4.14853369717431, 55.8840936215624 ], [ -4.14817187169667, 55.883882423024701 ], [ -4.14777369408533, 55.883621635303697 ], [ -4.14663286697805, 55.883866157423597 ], [ -4.14593668108395, 55.883797440839601 ], [ -4.1454826821916, 55.883769419594003 ], [ -4.14407993418549, 55.883761527935803 ], [ -4.1431277969503, 55.8834285274325 ], [ -4.14147799937616, 55.882882062992003 ], [ -4.13826003511792, 55.883241796666397 ], [ -4.13267115590285, 55.883899601416701 ], [ -4.13234300940084, 55.883894505612503 ], [ -4.13101541428804, 55.883446533022301 ], [ -4.13064174007607, 55.883486246035702 ], [ -4.1289940117895, 55.883380891742902 ], [ -4.12870271984941, 55.8833481955946 ], [ -4.1290222431797, 55.884218836843999 ], [ -4.12952893605252, 55.885442205000899 ], [ -4.12931500113827, 55.885447703039702 ], [ -4.12899418535939, 55.885369697655598 ], [ -4.12868902736788, 55.885228529125797 ], [ -4.12735418571014, 55.885262390442101 ], [ -4.12713437762258, 55.885307518513599 ], [ -4.12706328012638, 55.885381521857902 ], [ -4.12701345119189, 55.8854659384671 ], [ -4.12699019552214, 55.885566157900499 ], [ -4.12682048215216, 55.8856787015349 ], [ -4.12670865625462, 55.885680633933703 ], [ -4.12670693719638, 55.885649217906 ], [ -4.12638123398361, 55.885628791221599 ], [ -4.12617295011545, 55.885564107734403 ], [ -4.12603878972145, 55.885478287458703 ], [ -4.12576662713267, 55.885414705859503 ], [ -4.12550510084001, 55.885398558813598 ], [ -4.1252010247257, 55.885450529138097 ], [ -4.12529403109691, 55.885748196669397 ], [ -4.1250575135113, 55.885758266113299 ], [ -4.12503439142648, 55.885759251305203 ] ] ] } }
]
}
